THJPID	Simplified	Pinyin	CN_IPA_Tone	Traditional	Bopomofo	Tongyong_Pinyin	TW_IPA_Tone	Kanji	TouhouRoman	Yomigana	JP_IPA	SimplifiedSPLF	TraditionalSPLF	BopomofoSPLF	KanjiSPLF	IsNotCharacter
1	东方	dōng fāng	[tʊ̄ŋ fāŋ]	東方	ㄉㄨㄥ ㄈㄤ	dōng fāng	[tʊ̄ŋ fāŋ]	東方	Touhou	とうほう	/toːhoː/	东方	東方	ㄉㄨㄥ ㄈㄤ	東方	TRUE
2	博丽灵梦	Bólì Língmèng	[pwó lì líŋ mə̀ŋ]	博麗靈夢	ㄅㄛˊ ㄌㄧˋ ㄌㄧㄥˊ ㄇㄥˋ	Bólì Língmèng	[pwó lì líŋ mə̀ŋ]	博麗霊夢	Hakurei Reimu	はくれい れいむ	/hakɯɾeː ɾeːmɯ/	博丽 灵梦	博麗 靈夢	ㄅㄛˊ ㄌㄧˋ ㄌㄧㄥˊ ㄇㄥˋ	博麗 霊夢	
3	雾雨魔理沙	Wùyǔ Mólǐshā	[ù y̌ mwó lǐ ʂā]	霧雨魔理沙	ㄨˋ ㄩˇ ㄇㄛˊ ㄌㄧˇ ㄕㄚ	Wùyǔ Mólǐshā	[ù y̌ mwó lǐ ʂā]	霧雨魔理沙	Kirisame Marisa	きりさめ まりさ	/kiɾisame maɾisa/	雾雨 魔理沙	霧雨 魔理沙	ㄨˋ ㄩˇ ㄇㄛˊ ㄌㄧˇ ㄕㄚ	霧雨 魔理沙	
4	红魔乡	Hóngmóxiāng	[xʊ́ŋ mwó ɕjāŋ]	紅魔鄉	ㄏㄨㄥˊ ㄇㄛˊ ㄒㄧㄤ	Hóngmósiāng	[xʊ́ŋ mwó ɕjāŋ]	紅魔郷	Koumakyou	こうまきょう	/koːmakʲoː/	红魔乡	紅魔鄉	ㄏㄨㄥˊ ㄇㄛˊ ㄒㄧㄤ	紅魔郷	TRUE
5	露米娅	Lùmǐyà	[lù mǐ jà]	露米婭	ㄌㄨˋ ㄇㄧˇ ㄧㄚˋ	Lùmǐyà	[lù mǐ jà]	ルーミア	Rumia	るーみあ	/ɾɯːmia/	露米娅	露米婭	ㄌㄨˋ ㄇㄧˇ ㄧㄚˋ	ルーミア	
6	大妖精	Dàyāojīng	[tà jāu tɕīŋ]	大妖精	ㄉㄚˋ ㄧㄠ ㄐㄧㄥ	Dàyāojīng	[tà jāu tɕīŋ]	大妖精	Daiyousei	だいようせい	/daijoːseː/	大妖精	大妖精	ㄉㄚˋ ㄧㄠ ㄐㄧㄥ	大妖精	
7	琪露诺	Qílùnuò	[tɕʰí lù nwò]	琪露諾	ㄑㄧˊ ㄌㄨˋ ㄋㄨㄛˋ	Cílùnuò	[tɕʰí lù nwò]	チルノ	Cirno	ちるの	/tɕiɾɯno/	琪露诺	琪露諾	ㄑㄧˊ ㄌㄨˋ ㄋㄨㄛˋ	チルノ	
7	奇鲁诺	Qílǔnuò	[tɕʰí lǔ nwò]	奇魯諾	ㄑㄧˊ ㄌㄨˇ ㄋㄨㄛˋ	Cílǔnuò	[tɕʰí lǔ nwò]	チルノ	Cirno	ちるの	/tɕiɾɯno/	奇鲁诺	奇魯諾	ㄑㄧˊ ㄌㄨˇ ㄋㄨㄛˋ	チルノ	
8	红美铃	Hóng Měilíng	[xʊ́ŋ měi líŋ]	紅美鈴	ㄏㄨㄥˊ ㄇㄟˇ ㄌㄧㄥˊ	Hóng Měilíng	[xʊ́ŋ měi líŋ]	紅美鈴	Hong Meiling	ほん めいりん	/hoɴ meːɾiɴ/	红 美铃	紅美鈴	ㄏㄨㄥˊ ㄇㄟˇ ㄌㄧㄥˊ	紅美鈴	
9	小恶魔	Xiǎoèmó	[ɕjǎu ɤ̀ mwó]	小惡魔	ㄒㄧㄠˇ ㄜˋ ㄇㄛˊ	Siǎo'èmó	[ɕjǎu ɤ̀ mwó]	小悪魔	Koakuma	こあくま	/koakɯma/	小恶魔	小惡魔	ㄒㄧㄠˇ ㄜˋ ㄇㄛˊ	小悪魔	
10	帕秋莉·诺蕾姬	Pàqiūlì Nuòlěijī	[pʰà tɕʰjōu lì nwò lěi tɕī]	帕秋莉·諾蕾姬	ㄆㄚˋ ㄑㄧㄡ ㄌㄧˋ ㄋㄨㄛˋ ㄌㄟˇ ㄐㄧ	Pàciōulì Nuòlěijī	[pʰà tɕʰjōu lì nwò lěi tɕī]	パチュリー・ノーレッジ	Patchouli Knowledge	ぱちゅりー のーれっじ	/patɕɯɾiː noːɾeʔdʑi/	帕秋莉·\n诺蕾姬	帕秋莉·\n諾蕾姬	ㄆㄚˋ ㄑㄧㄡ ㄌㄧˋ \nㄋㄨㄛˋ ㄌㄟˇ ㄐㄧ	パチュリー・\nノーレッジ	
10	帕邱莉·诺蕾姬	Pàqiūlì Nuòlěijī	[pʰà tɕʰjōu lì nwò lěi tɕī]	帕邱莉·諾蕾姬	ㄆㄚˋ ㄑㄧㄡ ㄌㄧˋ ㄋㄨㄛˋ ㄌㄟˇ ㄐㄧ	Pàciōulì Nuòlěijī	[pʰà tɕʰjōu lì nwò lěi tɕī]	パチュリー・ノーレッジ	Patchouli Knowledge	ぱちゅりー のーれっじ	/patɕɯɾiː noːɾeʔdʑi/	帕邱莉·\n诺蕾姬	帕邱莉·\n諾蕾姬	ㄆㄚˋ ㄑㄧㄡ ㄌㄧˋ \nㄋㄨㄛˋ ㄌㄟˇ ㄐㄧ	パチュリー・\nノーレッジ	
10	帕裘莉·诺蕾姬	Pàqiúlì Nuòlěijī	[pʰà tɕʰjóu lì nwò lěi tɕī]	帕裘莉·諾蕾姬	ㄆㄚˋ ㄑㄧㄡˊ ㄌㄧˋ ㄋㄨㄛˋ ㄌㄟˇ ㄐㄧ	Pàcióulì Nuòlěijī	[pʰà tɕʰjóu lì nwò lěi tɕī]	パチュリー・ノーレッジ	Patchouli Knowledge	ぱちゅりー のーれっじ	/patɕɯɾiː noːɾeʔdʑi/	帕裘莉·\n诺蕾姬	帕裘莉·\n諾蕾姬	ㄆㄚˋ ㄑㄧㄡˊ ㄌㄧˋ \nㄋㄨㄛˋ ㄌㄟˇ ㄐㄧ	パチュリー・\nノーレッジ	
11	十六夜咲夜	Shíliùyè Xiàoyè	[ʂɻ̩́ ljòu jè ɕjàu jè]	十六夜咲夜	ㄕˊ ㄌㄧㄡˋ ㄧㄝˋ ㄒㄧㄠˋ ㄧㄝˋ	Shíhliòuyè Siàoyè	[ʂɻ̩́ ljòu jè ɕjàu jè]	十六夜咲夜	Izayoi Sakuya	いざよい さくや	/izajoi sakɯja/	十六夜 咲夜	十六夜 咲夜	ㄕˊ ㄌㄧㄡˋ ㄧㄝˋ ㄒㄧㄠˋ ㄧㄝˋ	十六夜 咲夜	
12	蕾米莉亚·斯卡蕾特	Lěimǐlìyà Sīkǎlěitè	[lěi mǐ lì jà sɹ̩̄ kʰǎ lěi tʰɤ̀]	蕾米莉亞·斯卡蕾特	ㄌㄟˇ ㄇㄧˇ ㄌㄧˋ ㄧㄚˋ ㄙ ㄎㄚˇ ㄌㄟˇ ㄊㄜˋ	Lěimǐlìyà Sīhkǎlěitè	[lěi mǐ lì jà sɹ̩̄ kʰǎ lěi tʰɤ̀]	レミリア・スカーレット	Remilia Scarlet	れみりあ すかーれっと	/ɾemiɾia sɯ̥kaːɾetto/	蕾米莉亚·\n斯卡蕾特	蕾米莉亞·\n斯卡蕾特	ㄌㄟˇ ㄇㄧˇ ㄌㄧˋ ㄧㄚˋ \nㄙ ㄎㄚˇ ㄌㄟˇ ㄊㄜˋ	レミリア・\nスカーレット	
12	蕾米莉雅·斯卡雷特	Lěimǐlìyǎ Sīkǎléitè	[lěi mǐ lì jǎ sɹ̩̄ kʰǎ léi tʰɤ̀]	蕾米莉雅·斯卡雷特	ㄌㄟˇ ㄇㄧˇ ㄌㄧˋ ㄧㄚˇ ㄙ ㄎㄚˇ ㄌㄟˊ ㄊㄜˋ	Lěimǐlìyǎ Sīhkǎléitè	[lěi mǐ lì jǎ sɹ̩̄ kʰǎ léi tʰɤ̀]	レミリア・スカーレット	Remilia Scarlet	れみりあ すかーれっと	/ɾemiɾia sɯ̥kaːɾetto/	蕾米莉雅·\n斯卡雷特	蕾米莉雅·\n斯卡雷特	ㄌㄟˇ ㄇㄧˇ ㄌㄧˋ ㄧㄚˇ \nㄙ ㄎㄚˇ ㄌㄟˊ ㄊㄜˋ	レミリア・\nスカーレット	
13	芙兰朵露·斯卡蕾特	Fúlánduǒlù Sīkǎlěitè	[fú lán twǒ lù sɹ̩̄ kʰǎ lěi tʰɤ̀]	芙蘭朵露·斯卡蕾特	ㄈㄨˊ ㄌㄢˊ ㄉㄨㄛˇ ㄌㄨˋ ㄙ ㄎㄚˇ ㄌㄟˇ ㄊㄜˋ	Fúlánduǒlù Sīhkǎlěitè	[fú lán twǒ lù sɹ̩̄ kʰǎ lěi tʰɤ̀]	フランドール・スカーレット	Flandre Scarlet	ふらんどーる すかーれっと	/ɸɯɾaɴdoːɾɯ sɯ̥kaːɾetto/	芙兰朵露·\n斯卡蕾特	芙蘭朵露·\n斯卡蕾特	ㄈㄨˊ ㄌㄢˊ ㄉㄨㄛˇ ㄌㄨˋ \nㄙ ㄎㄚˇ ㄌㄟˇ ㄊㄜˋ	フランドール・\nスカーレット	
13	芙兰朵露·斯卡雷特	Fúlánduǒlù Sīkǎléitè	[fú lán twǒ lù sɹ̩̄ kʰǎ léi tʰɤ̀]	芙蘭朵露·斯卡雷特	ㄈㄨˊ ㄌㄢˊ ㄉㄨㄛˇ ㄌㄨˋ ㄙ ㄎㄚˇ ㄌㄟˊ ㄊㄜˋ	Fúlánduǒlù Sīhkǎléitè	[fú lán twǒ lù sɹ̩̄ kʰǎ léi tʰɤ̀]	フランドール・スカーレット	Flandre Scarlet	ふらんどーる すかーれっと	/ɸɯɾaɴdoːɾɯ sɯ̥kaːɾetto/	芙兰朵露·\n斯卡雷特	芙蘭朵露·\n斯卡雷特	ㄈㄨˊ ㄌㄢˊ ㄉㄨㄛˇ ㄌㄨˋ \nㄙ ㄎㄚˇ ㄌㄟˊ ㄊㄜˋ	フランドール・\nスカーレット	
14	妖妖梦	Yāoyāomèng	[jāu jāu mə̀ŋ]	妖妖夢	ㄧㄠ ㄧㄠ ㄇㄥˋ	Yāoyāomèng	[jāu jāu mə̀ŋ]	妖々夢	Youyoumu	ようようむ	/joːjoːmɯ/	妖妖梦	妖妖夢	ㄧㄠ ㄧㄠ ㄇㄥˋ	妖々夢	TRUE
15	蕾蒂·霍瓦特洛克	Lěidì Huòwǎtèluòkè	[lěi tì xwò wǎ tʰɤ̀ lwò kʰɤ̀]	蕾蒂·霍瓦特洛克	ㄌㄟˇ ㄉㄧˋ ㄏㄨㄛˋ ㄨㄚˇ ㄊㄜˋ ㄌㄨㄛˋ ㄎㄜˋ	Lěidì Huòwǎtèluòkè	[lěi tì xwò wǎ tʰɤ̀ lwò kʰɤ̀]	レティ・ホワイトロック	Letty Whiterock	れてぃ ほわいとろっく	/ɾetiː howaitoɾokkɯ/	蕾蒂·\n霍瓦特洛克	蕾蒂·\n霍瓦特洛克	ㄌㄟˇ ㄉㄧˋ \nㄏㄨㄛˋ ㄨㄚˇ ㄊㄜˋ ㄌㄨㄛˋ ㄎㄜˋ	レティ・\nホワイト\nロック	
16	橙	Chéng	[ʈʂʰə́ŋ]	橙	ㄔㄥˊ	Chéng	[ʈʂʰə́ŋ]	橙	Chen	ちぇん	/tɕeɴ/	橙	橙	ㄔㄥˊ	橙	
17	爱丽丝·玛格特洛依德	Àilìsī Mǎgétèluòyīdé	[ài lì sɹ̩̄ mǎ kɤ́ tʰɤ̀ lwò ī tɤ́]	愛麗絲·瑪格特洛依德	ㄞˋ ㄌㄧˋ ㄙ ㄇㄚˇ ㄍㄜˊ ㄊㄜˋ ㄌㄨㄛˋ ㄧ ㄉㄜˊ	Àilìsīh Mǎgétèluòyīdé	[ài lì sɹ̩̄ mǎ kɤ́ tʰɤ̀ lwò ī tɤ́]	アリス・マーガトロイド	Alice Margatroid	ありす まーがとろいど	/aɾisɯ maːgatoɾoido/	爱丽丝·\n玛格特洛依德	愛麗絲·\n瑪格特洛依德	ㄞˋ ㄌㄧˋ ㄙ \nㄇㄚˇ ㄍㄜˊ ㄊㄜˋ ㄌㄨㄛˋ ㄧ ㄉㄜˊ	アリス・\nマーガトロイド	
17	爱丽丝·玛格特罗依德	Àilìsī Mǎgétèluóyīdé	[ài lì sɹ̩̄ mǎ kɤ́ tʰɤ̀ lwó ī tɤ́]	愛麗絲·瑪格特羅依德	ㄞˋ ㄌㄧˋ ㄙ ㄇㄚˇ ㄍㄜˊ ㄊㄜˋ ㄌㄨㄛˊ ㄧ ㄉㄜˊ	Àilìsīh Mǎgétèluóyīdé	[ài lì sɹ̩̄ mǎ kɤ́ tʰɤ̀ lwó ī tɤ́]	アリス・マーガトロイド	Alice Margatroid	ありす まーがとろいど	/aɾisɯ maːgatoɾoido/	爱丽丝·\n玛格特罗依德	愛麗絲·\n瑪格特羅依德	ㄞˋ ㄌㄧˋ ㄙ \nㄇㄚˇ ㄍㄜˊ ㄊㄜˋ ㄌㄨㄛˊ ㄧ ㄉㄜˊ	アリス・\nマーガトロイド	
18	莉莉霍瓦特	Lìlì Huòwǎtè	[lì lì xwò wǎ tʰɤ̀]	莉莉霍瓦特	ㄌㄧˋ ㄌㄧˋ ㄏㄨㄛˋ ㄨㄚˇ ㄊㄜˋ	Lìlì Huòwǎtè	[lì lì xwò wǎ tʰɤ̀]	リリーホワイト	Lily White	りりーほわいと	/ɾiɾiːhowaito/	莉莉霍瓦特	莉莉霍瓦特	ㄌㄧˋ ㄌㄧˋ ㄏㄨㄛˋ ㄨㄚˇ ㄊㄜˋ	リリー\nホワイト	
18	莉莉白	Lìlì Bái	[lì lì pái]	莉莉白	ㄌㄧˋ ㄌㄧˋ ㄅㄞˊ	Lìlì Bái	[lì lì pái]	リリーホワイト	Lily White	りりーほわいと	/ɾiɾiːhowaito/	莉莉白	莉莉白	ㄌㄧˋ ㄌㄧˋ ㄅㄞˊ	リリー\nホワイト	
18	莉莉怀特	Lìlì Huáitè	[lì lì xwái tʰɤ̀]	莉莉懷特	ㄌㄧˋ ㄌㄧˋ ㄏㄨㄞˊ ㄊㄜˋ	Lìlì Huáitè	[lì lì xwái tʰɤ̀]	リリーホワイト	Lily White	りりーほわいと	/ɾiɾiːhowaito/	莉莉怀特	莉莉懷特	ㄌㄧˋ ㄌㄧˋ ㄏㄨㄞˊ ㄊㄜˋ	リリー\nホワイト	
19	莉莉卡·普莉兹姆利巴	Lìlìkǎ Pǔlìzīmǔlìbā	[lì lì kʰǎ pʰǔ lì tsɹ̩̄ mǔ lì pā]	莉莉卡·普莉茲姆利巴	ㄌㄧˋ ㄌㄧˋ ㄎㄚˇ ㄆㄨˇ ㄌㄧˋ ㄗ ㄇㄨˇ ㄌㄧˋ ㄅㄚ	Lìlìkǎ Pǔlìzīhmǔlìbā	[lì lì kʰǎ pʰǔ lì tsɹ̩̄ mǔ lì pā]	リリカ・プリズムリバー	Lyrica Prismriver	りりか ぷりずむりばー	/ɾiɾika pɯɾizɯmɯɾibaː/	莉莉卡·\n普莉兹姆利巴	莉莉卡·\n普莉茲姆利巴	ㄌㄧˋ ㄌㄧˋ ㄎㄚˇ ㄆㄨˇ ㄌㄧˋ ㄗ ㄇㄨˇ ㄌㄧˋ ㄅㄚ	リリカ・\nプリズムリバー	
20	梅露兰·普莉兹姆利巴	Méilùlán Pǔlìzīmǔlìbā	[méi lù lán pʰǔ lì tsɹ̩̄ mǔ lì pā]	梅露蘭·普莉茲姆利巴	ㄇㄟˊ ㄌㄨˋ ㄌㄢˊ ㄆㄨˇ ㄌㄧˋ ㄗ ㄇㄨˇ ㄌㄧˋ ㄅㄚ	Méilùlán Pǔlìzīhmǔlìbā	[méi lù lán pʰǔ lì tsɹ̩̄ mǔ lì pā]	メルラン・プリズムリバー	Merlin Prismriver	めるらん ぷりずむりばー	/meɾɯɾaɴ pɯɾizɯmɯɾibaː/	梅露兰·\n普莉兹姆利巴	梅露蘭·\n普莉茲姆利巴	ㄇㄟˊ ㄌㄨˋ ㄌㄢˊ ㄆㄨˇ ㄌㄧˋ ㄗ ㄇㄨˇ ㄌㄧˋ ㄅㄚ	メルラン・\nプリズムリバー	
21	露娜萨·普莉兹姆利巴	Lùnàsà Pǔlìzīmǔlìbā	[lù nà sà pʰǔ lì tsɹ̩̄ mǔ lì pā]	露娜薩·普莉茲姆利巴	ㄌㄨˋ ㄋㄚˋ ㄙㄚˋ ㄆㄨˇ ㄌㄧˋ ㄗ ㄇㄨˇ ㄌㄧˋ ㄅㄚ	Lùnàsà Pǔlìzīhmǔlìbā	[lù nà sà pʰǔ lì tsɹ̩̄ mǔ lì pā]	ルナサ・プリズムリバー	Lunasa Prismriver	るなさ ぷりずむりばー	/ɾɯnasa pɯɾizɯmɯɾibaː/	露娜萨·\n普莉兹姆利巴	露娜薩·\n普莉茲姆利巴	ㄌㄨˋ ㄋㄚˋ ㄙㄚˋ ㄆㄨˇ ㄌㄧˋ ㄗ ㄇㄨˇ ㄌㄧˋ ㄅㄚ	ルナサ・\nプリズムリバー	
22	魂魄妖梦	Húnpò Yāomèng	[xwə́n pʰwò jāu mə̀ŋ]	魂魄妖夢	ㄏㄨㄣˊ ㄆㄛˋ ㄧㄠ ㄇㄥˋ	Húnpò Yāomèng	[xwə́n pʰwò jāu mə̀ŋ]	魂魄妖夢	Konpaku Youmu	こんぱく ようむ	/koɴpakɯ̥ joːmɯ/	魂魄 妖梦	魂魄 妖夢	ㄏㄨㄣˊ ㄆㄛˋ ㄧㄠ ㄇㄥˋ	魂魄 妖夢	
23	西行寺幽幽子	Xīxíngsì Yōuyōuzǐ	[ɕī ɕíŋ sɹ̩̀ jōu jōu tsɹ̩̌]	西行寺幽幽子	ㄒㄧ ㄒㄧㄥˊ ㄙˋ ㄧㄡ ㄧㄡ ㄗˇ	Sīsíngsìh Yōuyōuzǐh	[ɕī ɕíŋ sɹ̩̀ jōu jōu tsɹ̩̌]	西行寺幽々子	Saigyouji Yuyuko	さいぎょうじ ゆゆこ	/saigʲoːdʑi jɯjɯko/	西行寺 幽幽子	西行寺 幽幽子	ㄒㄧ ㄒㄧㄥˊ ㄙˋ ㄧㄡ ㄧㄡ ㄗˇ	西行寺 幽々子	
24	八云蓝	Bāyún Lán	[pā ýn lán]	八雲藍	ㄅㄚ ㄩㄣˊ ㄌㄢˊ	Bāyún Lán	[pā ýn lán]	八雲藍	Yakumo Ran	やくも らん	/jakɯmo ɾaɴ/	八云 蓝	八雲 藍	ㄅㄚ ㄩㄣˊ ㄌㄢˊ	八雲 藍	
25	八云紫	Bāyún Zǐ	[pā ýn tsɹ̩̌]	八雲紫	ㄅㄚ ㄩㄣˊ ㄗˇ	Bāyún Zǐh	[pā ýn tsɹ̩̌]	八雲紫	Yakumo Yukari	やくも ゆかり	/jakɯmo jɯkaɾi/	八云 紫	八雲 紫	ㄅㄚ ㄩㄣˊ ㄗˇ	八雲 紫	
26	萃梦想	Cuìmèngxiǎng	[tsʰwèi mə̀ŋ ɕjǎŋ]	萃夢想	ㄘㄨㄟˋ ㄇㄥˋ ㄒㄧㄤˇ	Cuèimèngsiǎng	[tsʰwèi mə̀ŋ ɕjǎŋ]	萃夢想	Suimusou	すいむそう	/sɯimɯsoː/	萃梦想	萃夢想	ㄘㄨㄟˋ ㄇㄥˋ ㄒㄧㄤˇ	萃夢想	TRUE
27	伊吹萃香	Yīchuī Cuìxiāng	[ī ʈʂʰwēi tsʰwèi ɕjāŋ]	伊吹萃香	ㄧ ㄔㄨㄟ ㄘㄨㄟˋ ㄒㄧㄤ	Yīchuēi Cuèisiāng	[ī ʈʂʰwēi tsʰwèi ɕjāŋ]	伊吹萃香	Ibuki Suika	いぶき すいか	/ibɯki sɯika/	伊吹 萃香	伊吹 萃香	ㄧ ㄔㄨㄟ ㄘㄨㄟˋ ㄒㄧㄤ	伊吹 萃香	
28	永夜抄	Yǒngyèchāo	[jʊ̌ŋ jè ʈʂʰāu]	永夜抄	ㄩㄥˇ ㄧㄝˋ ㄔㄠ	Yǒngyèchāo	[jʊ̌ŋ jè ʈʂʰāu]	永夜抄	Eiyashou	えいやしょう	/eːjaɕoː/	永夜抄	永夜抄	ㄩㄥˇ ㄧㄝˋ ㄔㄠ	永夜抄	TRUE
29	莉格露·奈特巴格	Lìgélù Nàitèbāgé	[lì kɤ́ lù nài tʰɤ̀ pā kɤ́]	莉格露·奈特巴格	ㄌㄧˋ ㄍㄜˊ ㄌㄨˋ ㄋㄞˋ ㄊㄜˋ ㄅㄚ ㄍㄜˊ	Lìgélù Nàitèbāgé	[lì kɤ́ lù nài tʰɤ̀ pā kɤ́]	リグル・ナイトバグ	Wriggle Nightbug	りぐる ないとばぐ	/ɾigɯɾɯ naitobagɯ/	莉格露·\n奈特巴格	莉格露·\n奈特巴格	ㄌㄧˋ ㄍㄜˊ ㄌㄨˋ \nㄋㄞˋ ㄊㄜˋ ㄅㄚ ㄍㄜˊ	リグル・\nナイトバグ	
30	米斯蒂娅·萝蕾拉	Mǐsīdìyà Luólěilā	[mǐ sɹ̩̄ tì jà lwó lěi lā]	米斯蒂婭·蘿蕾拉	ㄇㄧˇ ㄙ ㄉㄧˋ ㄧㄚˋ ㄌㄨㄛˊ ㄌㄟˇ ㄌㄚ	Mǐsīhdìyà Luólěilā	[mǐ sɹ̩̄ tì jà lwó lěi lā]	ミスティア・ローレライ	Mystia Lorelei	みすてぃあ ろーれらい	/misɯ̥tia ɾoːɾeɾai/	米斯蒂娅·\n萝蕾拉	米斯蒂婭·\n蘿蕾拉	ㄇㄧˇ ㄙ ㄉㄧˋ ㄧㄚˋ \nㄌㄨㄛˊ ㄌㄟˇ ㄌㄚ	ミスティア・\nローレライ	
31	上白泽慧音	Shàngbáizé Huìyīn	[ʂàŋ pái tsɤ́ xwèi īn]	上白澤慧音	ㄕㄤˋ ㄅㄞˊ ㄗㄜˊ ㄏㄨㄟˋ ㄧㄣ	Shàngbáizé Huèiyīn	[ʂàŋ pái tsɤ́ xwèi īn]	上白沢慧音	Kamishirasawa Keine	かみしらさわ けいね	/kamiɕiɾasawa keːne/	上白泽 慧音	上白澤 慧音	ㄕㄤˋ ㄅㄞˊ ㄗㄜˊ ㄏㄨㄟˋ ㄧㄣ	上白沢 慧音	
32	因幡帝	Yīnfān Dì	[īn fān tì]	因幡帝	ㄧㄣ ㄈㄢ ㄉㄧˋ	Yīnfān Dì	[īn fān tì]	因幡てゐ	Inaba Tei	いなば てゐ	/inaba teː/	因幡 帝	因幡 帝	ㄧㄣ ㄈㄢ ㄉㄧˋ	因幡 てゐ	
32	因幡天为	Yīnfān Tiānwèi	[īn fān tʰjɛ̄n wèi]	因幡天為	ㄧㄣ ㄈㄢ ㄊㄧㄢ ㄨㄟˋ	Yīnfān Tiānwèi	[īn fān tʰjɛ̄n wèi]	因幡てゐ	Inaba Tei	いなば てゐ	/inaba teː/	因幡 天为	因幡 天為	ㄧㄣ ㄈㄢ ㄊㄧㄢ ㄨㄟˋ	因幡 てゐ	
33	铃仙·优昙华院·因幡	Língxiān Yōutánhuáyuàn Yīnfān	[líŋ ɕjɛ̄n jōu tʰán xwá ɥɛ̀n īn fān]	鈴仙·優曇華院·因幡	ㄌㄧㄥˊ ㄒㄧㄢ ㄧㄡ ㄊㄢˊ ㄏㄨㄚˊ ㄩㄢˋ ㄧㄣ ㄈㄢ	Língsiān Yōutánhuáyuàn Yīnfān	[líŋ ɕjɛ̄n jōu tʰán xwá ɥɛ̀n īn fān]	鈴仙・優曇華院・イナバ	Reisen Udongein Inaba	れいせん うどんげいん いなば	/ɾeːseɴ ɯdoɴgeːɴ inaba/	铃仙·优昙华院·因幡	鈴仙·優曇華院·因幡	ㄌㄧㄥˊ ㄒㄧㄢ ㄧㄡ ㄊㄢˊ ㄏㄨㄚˊ ㄩㄢˋ ㄧㄣ ㄈㄢ	鈴仙・\n優曇華院\n・イナバ	
33	铃仙·优昙华院·稻叶	Língxiān Yōutánhuáyuàn Dàoyè	[líŋ ɕjɛ̄n jōu tʰán xwá ɥɛ̀n tàu jè]	鈴仙·優曇華院·稻葉	ㄌㄧㄥˊ ㄒㄧㄢ ㄧㄡ ㄊㄢˊ ㄏㄨㄚˊ ㄩㄢˋ ㄉㄠˋ ㄧㄝˋ	Língsiān Yōutánhuáyuàn Dàoyè	[líŋ ɕjɛ̄n jōu tʰán xwá ɥɛ̀n tàu jè]	鈴仙・優曇華院・イナバ	Reisen Udongein Inaba	れいせん うどんげいん いなば	/ɾeːseɴ ɯdoɴgeːɴ inaba/	铃仙·优昙华院·稻叶	鈴仙·優曇華院·稻葉	ㄌㄧㄥˊ ㄒㄧㄢ ㄧㄡ ㄊㄢˊ ㄏㄨㄚˊ ㄩㄢˋ ㄉㄠˋ ㄧㄝˋ	鈴仙・\n優曇華院\n・イナバ	
34	八意永琳	Bāyì Yǒnglín	[pā ì jʊ̌ŋ lín]	八意永琳	ㄅㄚ ㄧˋ ㄩㄥˇ ㄌㄧㄣˊ	Bāyì Yǒnglín	[pā ì jʊ̌ŋ lín]	八意永琳	Yagokoro Eirin	やごころ えいりん	/jagokoɾo eːɾiɴ/	八意 永琳	八意 永琳	ㄅㄚ ㄧˋ ㄩㄥˇ ㄌㄧㄣˊ	八意 永琳	
35	蓬莱山辉夜	Péngláishān Huīyè	[pʰə́ŋ lái ʂān xwēi jè]	蓬萊山輝夜	ㄆㄥˊ ㄌㄞˊ ㄕㄢ ㄏㄨㄟ ㄧㄝˋ	Péngláishān Huēiyè	[pʰə́ŋ lái ʂān xwēi jè]	蓬莱山輝夜	Houraisan Kaguya	ほうらいさん かぐや	/hoːɾaisaɴ kagɯja/	蓬莱山 辉夜	蓬萊山 輝夜	ㄆㄥˊ ㄌㄞˊ ㄕㄢ ㄏㄨㄟ ㄧㄝˋ	蓬莱山 輝夜	
36	藤原妹红	Téngyuán Mèihóng	[tʰə́ŋ ɥɛ́n mèi xʊ́ŋ]	藤原妹紅	ㄊㄥˊ ㄩㄢˊ ㄇㄟˋ ㄏㄨㄥˊ	Téngyuán Mèihóng	[tʰə́ŋ ɥɛ́n mèi xʊ́ŋ]	藤原妹紅	Fujiwara no Mokou	ふじわら の もこう	/ɸɯdʑiwaɾa no mokoː/	藤原 妹红	藤原 妹紅	ㄊㄥˊ ㄩㄢˊ ㄇㄟˋ ㄏㄨㄥˊ	藤原 妹紅	
37	花映冢	Huāyìngzhǒng	[xwā ìŋ ʈʂʊ̌ŋ]	花映塚	ㄏㄨㄚ ㄧㄥˋ ㄓㄨㄥˇ	Huāyìngjhǒng	[xwā ìŋ ʈʂʊ̌ŋ]	花映塚	Kaeizuka	かえいづか	/kaeːdzɯka/	花映冢	花映塚	ㄏㄨㄚ ㄧㄥˋ ㄓㄨㄥˇ	花映塚	TRUE
38	射命丸文	Shèmìngwán Wén	[ʂɤ̀ mìŋ wán wə́n]	射命丸文	ㄕㄜˋ ㄇㄧㄥˋ ㄨㄢˊ ㄨㄣˊ	Shèmìngwán Wún	[ʂɤ̀ mìŋ wán wə́n]	射命丸文	Shameimaru Aya	しゃめいまる あや	/ɕameːmaɾɯ aja/	射命丸 文	射命丸 文	ㄕㄜˋ ㄇㄧㄥˋ ㄨㄢˊ ㄨㄣˊ	射命丸 文	
39	风见幽香	Fēngjiàn Yōuxiāng	[fə̄ŋ tɕjɛ̀n jōu ɕjāŋ]	風見幽香	ㄈㄥ ㄐㄧㄢˋ ㄧㄡ ㄒㄧㄤ	Fōngjiàn Yōusiāng	[fə̄ŋ tɕjɛ̀n jōu ɕjāŋ]	風見幽香	Kazami Yuuka	かざみ ゆうか	/kazami jɯːka/	风见 幽香	風見 幽香	ㄈㄥ ㄐㄧㄢˋ ㄧㄡ ㄒㄧㄤ	風見 幽香	
40	梅蒂欣·梅兰可莉	Méidìxīn Méilánkělì	[méi tì ɕīn méi lán kʰɤ̌ lì]	梅蒂欣·梅蘭可莉	ㄇㄟˊ ㄉㄧˋ ㄒㄧㄣ ㄇㄟˊ ㄌㄢˊ ㄎㄜˇ ㄌㄧˋ	Méidìsīn Méilánkělì	[méi tì ɕīn méi lán kʰɤ̌ lì]	メディスン・メランコリー	Medicine Melancholy	めでぃすん めらんこりー	/medisɯɴ meɾaɴkoɾiː/	梅蒂欣·\n梅兰可莉	梅蒂欣·\n梅蘭可莉	ㄇㄟˊ ㄉㄧˋ ㄒㄧㄣ \nㄇㄟˊ ㄌㄢˊ ㄎㄜˇ ㄌㄧˋ	メディスン・\nメランコリー	
41	小野塚小町	Xiǎoyězhǒng Xiǎodīng	[ɕjǎu jě ʈʂʊ̌ŋ ɕjǎu tīŋ]	小野塚小町	ㄒㄧㄠˇ ㄧㄝˇ ㄓㄨㄥˇ ㄒㄧㄠˇ ㄉㄧㄥ	Siǎoyějhǒng Siǎodīng	[ɕjǎu jě ʈʂʊ̌ŋ ɕjǎu tīŋ]	小野塚小町	Onozuka Komachi	おのづか こまち	/onodzɯka komatɕi/	小野塚 小町	小野塚 小町	ㄒㄧㄠˇ ㄧㄝˇ ㄓㄨㄥˇ \nㄒㄧㄠˇ ㄉㄧㄥ	小野塚 小町	
41	小野冢小町	Xiǎoyězhǒng Xiǎodīng	[ɕjǎu jě ʈʂʊ̌ŋ ɕjǎu tīŋ]	小野塚小町	ㄒㄧㄠˇ ㄧㄝˇ ㄓㄨㄥˇ ㄒㄧㄠˇ ㄉㄧㄥ	Siǎoyějhǒng Siǎodīng	[ɕjǎu jě ʈʂʊ̌ŋ ɕjǎu tīŋ]	小野塚小町	Onozuka Komachi	おのづか こまち	/onodzɯka komatɕi/	小野冢 小町	小野塚 小町	ㄒㄧㄠˇ ㄧㄝˇ ㄓㄨㄥˇ \nㄒㄧㄠˇ ㄉㄧㄥ	小野塚 小町	
42	四季映姬·夜摩仙那度	Sìjì Yìngjī, Yèmóxiānnàdù	[sɹ̩̀ tɕì ìŋ tɕī jè mwó ɕjɛ̄n nà tù]	四季映姬·夜摩仙那度	ㄙˋ ㄐㄧˋ ㄧㄥˋ ㄐㄧ ㄧㄝˋ ㄇㄛˊ ㄒㄧㄢ ㄋㄚˋ ㄉㄨˋ	Sìhjì Yìngjī Yèmósiānnàdù	[sɹ̩̀ tɕì ìŋ tɕī jè mwó ɕjɛ̄n nà tù]	四季映姫・ヤマザナドゥ	Shiki Eiki, Yamaxanadu	しき えいき やまざなどぅ	/ɕi̥ki eːki jamazanadɯː/	四季 映姬·\n夜摩仙那度	四季映姬·\n夜摩仙那度	ㄙˋ ㄐㄧˋ ㄧㄥˋ ㄐㄧ \nㄧㄝˋ ㄇㄛˊ ㄒㄧㄢ ㄋㄚˋ ㄉㄨˋ	四季 映姫・\nヤマザナドゥ	
42	四季映姬·亚玛萨那度	Sìjì Yìngjī, Yàmǎsànàdù	[sɹ̩̀ tɕì ìŋ tɕī jà mǎ sà nà tù]	四季映姬·亞瑪薩那度	ㄙˋ ㄐㄧˋ ㄧㄥˋ ㄐㄧ ㄧㄚˋ ㄇㄚˇ ㄙㄚˋ ㄋㄚˋ ㄉㄨˋ	Sìhjì Yìngjī Yàmǎsànàdù	[sɹ̩̀ tɕì ìŋ tɕī jà mǎ sà nà tù]	四季映姫・ヤマザナドゥ	Shiki Eiki, Yamaxanadu	しき えいき やまざなどぅ	/ɕi̥ki eːki jamazanadɯː/	四季 映姬·\n亚玛萨那度	四季映姬·\n亞瑪薩那度	ㄙˋ ㄐㄧˋ ㄧㄥˋ ㄐㄧ \nㄧㄚˋ ㄇㄚˇ ㄙㄚˋ ㄋㄚˋ ㄉㄨˋ	四季 映姫・\nヤマザナドゥ	
43	文花帖	Wénhuātiě	[wə́n xwā tʰjě]	文花帖	ㄨㄣˊ ㄏㄨㄚ ㄊㄧㄝˇ	Wúnhuātiě	[wə́n xwā tʰjě]	文花帖	Bunkachou	ぶんかちょう	/bɯɴkatɕoː/	文花帖	文花帖	ㄨㄣˊ ㄏㄨㄚ ㄊㄧㄝˇ	文花帖	TRUE
44	风神录	Fēngshénlù	[fə̄ŋ ʂə́n lù]	風神錄	ㄈㄥ ㄕㄣˊ ㄌㄨˋ	Fōngshénlù	[fə̄ŋ ʂə́n lù]	風神録	Fuujinroku	ふうじんろく	/ɸɯːdʑiɴɾokɯ/	风神录	風神錄	ㄈㄥ ㄕㄣˊ ㄌㄨˋ	風神録	TRUE
45	秋静叶	Qiū Jìngyè	[tɕʰjōu tɕìŋ jè]	秋靜葉	ㄑㄧㄡ ㄐㄧㄥˋ ㄧㄝˋ	Ciōu Jìngyè	[tɕʰjōu tɕìŋ jè]	秋静葉	Aki Shizuha	あき しずは	/aki ɕizɯha/	秋 静叶	秋 靜葉	ㄑㄧㄡ ㄐㄧㄥˋ ㄧㄝˋ	秋 静葉	
46	秋穰子	Qiū Rángzǐ	[tɕʰjōu ʐáŋ tsɹ̩̌]	秋穰子	ㄑㄧㄡ ㄖㄤˊ ㄗˇ	Ciōu Rángzǐh	[tɕʰjōu ʐáŋ tsɹ̩̌]	秋穣子	Aki Minoriko	あき みのりこ	/aki minoɾiko/	秋 穰子	秋 穰子	ㄑㄧㄡ ㄖㄤˊ ㄗˇ	秋 穣子	
47	键山雏	Jiànshān Chú	[tɕjɛ̀n ʂān ʈʂʰú]	鍵山雛	ㄐㄧㄢˋ ㄕㄢ ㄔㄨˊ	Jiànshān Chú	[tɕjɛ̀n ʂān ʈʂʰú]	鍵山雛	Kagiyama Hina	かぎやま ひな	/kagijama çina/	键山 雏	鍵山 雛	ㄐㄧㄢˋ ㄕㄢ ㄔㄨˊ	鍵山 雛	
48	河城荷取	Héchéng Héqǔ	[xɤ́ ʈʂʰə́ŋ xɤ́ tɕʰy̌]	河城荷取	ㄏㄜˊ ㄔㄥˊ ㄏㄜˊ ㄑㄩˇ	Héchéng Hécyǔ	[xɤ́ ʈʂʰə́ŋ xɤ́ tɕʰy̌]	河城にとり	Kawashiro Nitori	かわしろ にとり	/kawaɕiɾo nitoɾi/	河城 荷取	河城 荷取	ㄏㄜˊ ㄔㄥˊ ㄏㄜˊ ㄑㄩˇ	河城 にとり	
48	河城似鸟	Héchéng Shìniǎo	[xɤ́ ʈʂʰə́ŋ ʂɻ̩̀ njǎu]	河城似鳥	ㄏㄜˊ ㄔㄥˊ ㄙˋ ㄋㄧㄠˇ	Héchéng Sìhniǎo	[xɤ́ ʈʂʰə́ŋ sɹ̩̀ njǎu]	河城にとり	Kawashiro Nitori	かわしろ にとり	/kawaɕiɾo nitoɾi/	河城 似鸟	河城 似鳥	ㄏㄜˊ ㄔㄥˊ ㄙˋ ㄋㄧㄠˇ	河城 にとり	
49	犬走椛	Quǎnzǒu Huā	[tɕʰɥɛ̌n tsǒu xwā]	犬走椛	ㄑㄩㄢˇ ㄗㄡˇ ㄏㄨㄚ	Cyuǎnzǒu Huā	[tɕʰɥɛ̌n tsǒu xwā]	犬走椛	Inubashiri Momiji	いぬばしり もみじ	/inɯbaɕiɾi momidʑi/	犬走 椛	犬走 椛	ㄑㄩㄢˇ ㄗㄡˇ ㄏㄨㄚ	犬走 椛	
50	东风谷早苗	Dōngfēnggǔ Zǎomiáo	[tʊ̄ŋ fə̄ŋ kǔ tsǎu mjáu]	東風谷早苗	ㄉㄨㄥ ㄈㄥ ㄍㄨˇ ㄗㄠˇ ㄇㄧㄠˊ	Dōngfōnggǔ Zǎomiáo	[tʊ̄ŋ fə̄ŋ kǔ tsǎu mjáu]	東風谷早苗	Kochiya Sanae	こちや さなえ	/kotɕija sanae/	东风谷 早苗	東風谷 早苗	ㄉㄨㄥ ㄈㄥ ㄍㄨˇ ㄗㄠˇ ㄇㄧㄠˊ	東風谷 早苗	
51	八坂神奈子	Bābǎn Shénnàizǐ	[pā pǎn ʂə́n nài tsɹ̩̌]	八坂神奈子	ㄅㄚ ㄅㄢˇ ㄕㄣˊ ㄋㄞˋ ㄗˇ	Bābǎn Shénnàizǐh	[pā pǎn ʂə́n nài tsɹ̩̌]	八坂神奈子	Yasaka Kanako	やさか かなこ	/jasaka kanako/	八坂 神奈子	八坂 神奈子	ㄅㄚ ㄅㄢˇ ㄕㄣˊ ㄋㄞˋ ㄗˇ	八坂 神奈子	
52	洩矢诹访子	Xièshǐ Zōufǎngzǐ	[ɕjè ʂɻ̩̌ tsōu fǎŋ tsɹ̩̌]	洩矢諏訪子	ㄒㄧㄝˋ ㄕˇ ㄗㄡ ㄈㄤˇ ㄗˇ	Sièshǐh Zōufǎngzǐh	[ɕjè ʂɻ̩̌ tsōu fǎŋ tsɹ̩̌]	洩矢諏訪子	Moriya Suwako	もりや すわこ	/moɾija sɯwako/	洩矢 诹访子	洩矢 諏訪子	ㄒㄧㄝˋ ㄕˇ ㄗㄡ ㄈㄤˇ ㄗˇ	洩矢 諏訪子	
52	泄矢诹访子	Xièshǐ Zōufǎngzǐ	[ɕjè ʂɻ̩̌ tsōu fǎŋ tsɹ̩̌]	洩矢諏訪子	ㄒㄧㄝˋ ㄕˇ ㄗㄡ ㄈㄤˇ ㄗˇ	Sièshǐh Zōufǎngzǐh	[ɕjè ʂɻ̩̌ tsōu fǎŋ tsɹ̩̌]	洩矢諏訪子	Moriya Suwako	もりや すわこ	/moɾija sɯwako/	泄矢 诹访子	洩矢 諏訪子	ㄒㄧㄝˋ ㄕˇ ㄗㄡ ㄈㄤˇ ㄗˇ	洩矢 諏訪子	
53	绯想天	Fēixiǎngtiān	[fēi ɕjǎŋ tʰjɛ̄n]	緋想天	ㄈㄟ ㄒㄧㄤˇ ㄊㄧㄢ	Fēisiǎngtiān	[fēi ɕjǎŋ tʰjɛ̄n]	緋想天	Hisouten	ひそうてん	/çi̥soːteɴ/	绯想天	緋想天	ㄈㄟ ㄒㄧㄤˇ ㄊㄧㄢ	緋想天	TRUE
54	永江衣玖	Yǒngjiāng Yījiǔ	[jʊ̌ŋ tɕjāŋ ī tɕjǒu]	永江衣玖	ㄩㄥˇ ㄐㄧㄤ ㄧ ㄐㄧㄡˇ	Yǒngjiāng Yījiǒu	[jʊ̌ŋ tɕjāŋ ī tɕjǒu]	永江衣玖	Nagae Iku	ながえ いく	/nagae ikɯ/	永江衣玖	永江 衣玖	ㄩㄥˇ ㄐㄧㄤ ㄧ ㄐㄧㄡˇ	永江 衣玖	
55	比那名居天子	Bǐnàmíngjū Tiānzǐ	[pǐ nà míŋ tɕȳ tʰjɛ̄n tsɹ̩̌]	比那名居天子	ㄅㄧˇ ㄋㄚˋ ㄇㄧㄥˊ ㄐㄩ ㄊㄧㄢ ㄗˇ	Bǐnàmíngjyū Tiānzǐh	[pǐ nà míŋ tɕȳ tʰjɛ̄n tsɹ̩̌]	比那名居天子	Hinanawi Tenshi	ひななゐ てんし	/çinanai teɴɕi/	比那名居 天子	比那名居 天子	ㄅㄧˇ ㄋㄚˋ ㄇㄧㄥˊ ㄐㄩ \nㄊㄧㄢ ㄗˇ	比那名居 天子	
56	地灵殿 	Dìlíngdiàn	[tì líŋ tjɛ̀n]	地靈殿	ㄉㄧˋ ㄌㄧㄥˊ ㄉㄧㄢˋ	Dìlíngdiàn	[tì líŋ tjɛ̀n]	地霊殿	Chireiden	ちれいでん	/tɕiɾeːdeɴ/	地灵殿 	地靈殿	ㄉㄧˋ ㄌㄧㄥˊ ㄉㄧㄢˋ	地霊殿	TRUE
57	琪斯美	Qísīměi	[tɕʰí sɹ̩̄ měi]	琪斯美	ㄑㄧˊ ㄙ ㄇㄟˇ	Císīhměi	[tɕʰí sɹ̩̄ měi]	キスメ	Kisume	きすめ	/ki̥sɯme/	琪斯美	琪斯美	ㄑㄧˊ ㄙ ㄇㄟˇ	キスメ	
58	黑谷山女	Hēigǔ Shānnǚ	[xēi kǔ ʂān ny̌]	黑谷山女	ㄏㄟ ㄍㄨˇ ㄕㄢ ㄋㄩˇ	Hēigǔ Shānnyǔ	[xēi kǔ ʂān ny̌]	黒谷ヤマメ	Kurodani Yamame	くろだに やまめ	/kɯɾodani jamame/	黑谷 山女	黑谷 山女	ㄏㄟ ㄍㄨˇ ㄕㄢ ㄋㄩˇ	黒谷 ヤマメ	
59	水桥帕露西	Shuǐqiáo Pàlùxī	[ʂwěi tɕʰjáu pʰà lù ɕī]	水橋帕露西	ㄕㄨㄟˇ ㄑㄧㄠˊ ㄆㄚˋ ㄌㄨˋ ㄒㄧ	Shuěiciáo Pàlùsī	[ʂwěi tɕʰjáu pʰà lù ɕī]	水橋パルスィ	Mizuhashi Parsee	みずはし ぱるすぃ	/mizɯhaɕi paɾɯsiː/	水桥 帕露西	水橋 帕露西	ㄕㄨㄟˇ ㄑㄧㄠˊ \nㄆㄚˋ ㄌㄨˋ ㄒㄧ	水橋 パルスィ	
59	水桥帕露希	Shuǐqiáo Pàlùxī	[ʂwěi tɕʰjáu pʰà lù ɕī]	水橋帕露希	ㄕㄨㄟˇ ㄑㄧㄠˊ ㄆㄚˋ ㄌㄨˋ ㄒㄧ	Shuěiciáo Pàlùsī	[ʂwěi tɕʰjáu pʰà lù ɕī]	水橋パルスィ	Mizuhashi Parsee	みずはし ぱるすぃ	/mizɯhaɕi paɾɯsiː/	水桥 帕露希	水橋 帕露希	ㄕㄨㄟˇ ㄑㄧㄠˊ \nㄆㄚˋ ㄌㄨˋ ㄒㄧ	水橋 パルスィ	
59	水桥帕露茜	Shuǐqiáo Pàlùxī	[ʂwěi tɕʰjáu pʰà lù ɕī]	水橋帕露茜	ㄕㄨㄟˇ ㄑㄧㄠˊ ㄆㄚˋ ㄌㄨˋ ㄒㄧ	Shuěiciáo Pàlùsī	[ʂwěi tɕʰjáu pʰà lù ɕī]	水橋パルスィ	Mizuhashi Parsee	みずはし ぱるすぃ	/mizɯhaɕi paɾɯsiː/	水桥 帕露茜	水橋 帕露茜	ㄕㄨㄟˇ ㄑㄧㄠˊ \nㄆㄚˋ ㄌㄨˋ ㄒㄧ	水橋 パルスィ	
60	星熊勇仪	Xīngxióng Yǒngyí	[ɕīŋ ɕjʊ́ŋ jʊ̌ŋ í]	星熊勇儀	ㄒㄧㄥ ㄒㄩㄥˊ ㄩㄥˇ ㄧˊ	Sīngsyóng Yǒngyí	[ɕīŋ ɕjʊ́ŋ jʊ̌ŋ í]	星熊勇儀	Hoshiguma Yuugi	ほしぐま ゆうぎ	/hoɕigɯma jɯːgi/	星熊 勇仪	星熊 勇儀	ㄒㄧㄥ ㄒㄩㄥˊ ㄩㄥˇ ㄧˊ	星熊 勇儀	
61	古明地悟	Gǔmíngdì Wù	[kǔ míŋ tì ù]	古明地悟	ㄍㄨˇ ㄇㄧㄥˊ ㄉㄧˋ ㄨˋ	Gǔmíngdì Wù	[kǔ míŋ tì ù]	古明地さとり	Komeiji Satori	こめいじ さとり	/komeːdʑi satoɾi/	古明地 悟	古明地 悟	ㄍㄨˇ ㄇㄧㄥˊ ㄉㄧˋ ㄨˋ	古明地 さとり	
61	古明地觉	Gǔmíngdì Jué	[kǔ míŋ tì tɕɥé]	古明地覺	ㄍㄨˇ ㄇㄧㄥˊ ㄉㄧˋ ㄐㄩㄝˊ	Gǔmíngdì Jyué	[kǔ míŋ tì tɕɥé]	古明地さとり	Komeiji Satori	こめいじ さとり	/komeːdʑi satoɾi/	古明地 觉	古明地 覺	ㄍㄨˇ ㄇㄧㄥˊ ㄉㄧˋ ㄐㄩㄝˊ	古明地 さとり	
62	火焰猫燐	Huǒyànmāo Lín	[xwǒ jɛ̀n māu lín]	火焰貓燐	ㄏㄨㄛˇ ㄧㄢˋ ㄇㄠ ㄌㄧㄣˊ	Huǒyànmāo Lín	[xwǒ jɛ̀n māu lín]	火焔猫燐	Kaenbyou Rin	かえんびょう りん	/kaeɴbʲoː ɾiɴ/	火焰猫 燐	火焰貓 燐	ㄏㄨㄛˇ ㄧㄢˋ ㄇㄠ ㄌㄧㄣˊ	火焔猫 燐	
63	灵乌路空	Língwūlù Kōng	[líŋ ū lù kʰʊ̄ŋ]	靈烏路空	ㄌㄧㄥˊ ㄨ ㄌㄨˋ ㄎㄨㄥ	Língwūlù Kōng	[líŋ ū lù kʰʊ̄ŋ]	霊烏路空	Reiuji Utsuho	れいうじ うつほ	/ɾeːɯdʑi ɯtsɯ̥ho/	灵乌路 空	靈烏路 空	ㄌㄧㄥˊ ㄨ ㄌㄨˋ ㄎㄨㄥ	霊烏路 空	
64	古明地恋	Gǔmíngdì Liàn	[kǔ míŋ tì ljɛ̀n]	古明地戀	ㄍㄨˇ ㄇㄧㄥˊ ㄉㄧˋ ㄌㄧㄢˋ	Gǔmíngdì Liàn	[kǔ míŋ tì ljɛ̀n]	古明地こいし	Komeiji Koishi	こめいじ こいし	/komeːdʑi koiɕi/	古明地 恋	古明地 戀	ㄍㄨˇ ㄇㄧㄥˊ ㄉㄧˋ ㄌㄧㄢˋ	古明地 こいし	
65	星莲船	Xīngliánchuán	[ɕīŋ ljɛ́n ʈʂʰwán]	星蓮船	ㄒㄧㄥ ㄌㄧㄢˊ ㄔㄨㄢˊ	Sīngliánchuán	[ɕīŋ ljɛ́n ʈʂʰwán]	星蓮船	Seirensen	せいれんせん	/seːɾeɴseɴ/	星莲船	星蓮船	ㄒㄧㄥ ㄌㄧㄢˊ ㄔㄨㄢˊ	星蓮船	TRUE
66	娜兹玲	Nàzīlíng	[nà tsɹ̩̄ líŋ]	娜茲玲	ㄋㄚˋ ㄗ ㄌㄧㄥˊ	Nàzīhlíng	[nà tsɹ̩̄ líŋ]	ナズーリン	Nazrin	なずーりん	/nazɯːɾiɴ/	娜兹玲	娜茲玲	ㄋㄚˋ ㄗ ㄌㄧㄥˊ	ナズーリン	
66	纳兹铃	Nàzīlíng	[nà tsɹ̩̄ líŋ]	納茲鈴	ㄋㄚˋ ㄗ ㄌㄧㄥˊ	Nàzīhlíng	[nà tsɹ̩̄ líŋ]	ナズーリン	Nazrin	なずーりん	/nazɯːɾiɴ/	纳兹铃	納茲鈴	ㄋㄚˋ ㄗ ㄌㄧㄥˊ	ナズーリン	
66	娜兹琳	Nàzīlín	[nà tsɹ̩̄ lín]	娜茲琳	ㄋㄚˋ ㄗ ㄌㄧㄣˊ	Nàzīhlín	[nà tsɹ̩̄ lín]	ナズーリン	Nazrin	なずーりん	/nazɯːɾiɴ/	娜兹琳	娜茲琳	ㄋㄚˋ ㄗ ㄌㄧㄣˊ	ナズーリン	
66	纳兹琳	Nàzīlín	[nà tsɹ̩̄ lín]	納茲琳	ㄋㄚˋ ㄗ ㄌㄧㄣˊ	Nàzīhlín	[nà tsɹ̩̄ lín]	ナズーリン	Nazrin	なずーりん	/nazɯːɾiɴ/	纳兹琳	納茲琳	ㄋㄚˋ ㄗ ㄌㄧㄣˊ	ナズーリン	
67	多多良小伞	Duōduōliáng Xiǎosǎn	[twō twō ljáŋ ɕjǎu sǎn]	多多良小傘	ㄉㄨㄛ ㄉㄨㄛ ㄌㄧㄤˊ ㄒㄧㄠˇ ㄙㄢˇ	Duōduōliáng Siǎosǎn	[twō twō ljáŋ ɕjǎu sǎn]	多々良小傘	Tatara Kogasa	たたら こがさ	/tataɾa kogasa/	多多良 小伞	多多良 小傘	ㄉㄨㄛ ㄉㄨㄛ ㄌㄧㄤˊ \nㄒㄧㄠˇ ㄙㄢˇ	多々良 小傘	
68	云居一轮	Yúnjū Yīlún	[ýn tɕȳ ī lwə́n]	雲居一輪	ㄩㄣˊ ㄐㄩ ㄧ ㄌㄨㄣˊ	Yúnjyū Yīlún	[ýn tɕȳ ī lwə́n]	雲居一輪	Kumoi Ichirin	くもい いちりん	/kɯmoi itɕiɾiɴ/	云居 一轮	雲居 一輪	ㄩㄣˊ ㄐㄩ ㄧ ㄌㄨㄣˊ	雲居 一輪	
69	云山	Yúnshān	[ýn ʂān]	雲山	ㄩㄣˊ ㄕㄢ	Yúnshān	[ýn ʂān]	雲山	Unzan	うんざん	/ɯɴzaɴ/	云山	雲山	ㄩㄣˊ ㄕㄢ	雲山	
70	村纱水蜜	Cūnshā Shuǐmì	[tsʰwə̄n ʂā ʂwěi mì]	村紗水蜜	ㄘㄨㄣ ㄕㄚ ㄕㄨㄟˇ ㄇㄧˋ	Cūnshā Shuěimì	[tsʰwə̄n ʂā ʂwěi mì]	村紗水蜜	Murasa Minamitsu	むらさ みなみつ	/mɯɾasa minamitsɯ/	村纱 水蜜	村紗 水蜜	ㄘㄨㄣ ㄕㄚ ㄕㄨㄟˇ ㄇㄧˋ	村紗 水蜜	
71	寅丸星	Yínwán Xīng	[ín wán ɕīŋ]	寅丸星	ㄧㄣˊ ㄨㄢˊ ㄒㄧㄥ	Yínwán Sīng	[ín wán ɕīŋ]	寅丸星	Toramaru Shou	とらまる しょう	/toɾamaɾɯ ɕoː/	寅丸 星	寅丸 星	ㄧㄣˊ ㄨㄢˊ ㄒㄧㄥ	寅丸 星	
72	圣白莲	Shèng Báilián	[ʂə̀ŋ pái ljɛ́n]	聖白蓮	ㄕㄥˋ ㄅㄞˊ ㄌㄧㄢˊ	Shèng Báilián	[ʂə̀ŋ pái ljɛ́n]	聖白蓮	Hijiri Byakuren	ひじり びゃくれん	/çidʑiɾi bʲakɯɾeɴ/	圣 白莲	聖 白蓮	ㄕㄥˋ ㄅㄞˊ ㄌㄧㄢˊ	聖 白蓮	
73	封兽鵺	Fēngshòu Yè	[fə̄ŋ ʂòu jè]	封獸鵺	ㄈㄥ ㄕㄡˋ ㄧㄝˋ	Fōngshòu Yè	[fə̄ŋ ʂòu jè]	封獣ぬえ	Houjuu Nue	ほうじゅう ぬえ	/hoːdʑɯː nɯe/	封兽 鵺	封獸 鵺	ㄈㄥ ㄕㄡˋ ㄧㄝˋ	封獣 ぬえ	
74	非想天则	Fēixiǎngtiānzé	[fēi ɕjǎŋ tʰjɛ̄n tsɤ́]	非想天則	ㄈㄟ ㄒㄧㄤˇ ㄊㄧㄢ ㄗㄜˊ	Fēisiǎngtiānzé	[fēi ɕjǎŋ tʰjɛ̄n tsɤ́]	非想天則	Hisou Tensoku	ひそうてんそく	/çi̥soːteɴsokɯ/	非想天则	非想天則	ㄈㄟ ㄒㄧㄤˇ ㄊㄧㄢ ㄗㄜˊ	非想天則	TRUE
75	对抗新闻	Duìkàng Xīnwén	[twèi kʰàŋ ɕīn wə́n]	對抗新聞	ㄉㄨㄟˋ ㄎㄤˋ ㄒㄧㄣ ㄨㄣˊ	Duèikàng Sīnwún	[twèi kʰàŋ ɕīn wə́n]	ダブルスポイラー	Double Spoiler	だぶるすぽいらー	/dabɯɾɯsɯ̥poiɾaː/	对抗新闻	對抗新聞	ㄉㄨㄟˋ ㄎㄤˋ ㄒㄧㄣ ㄨㄣˊ	ダブル\nスポイラー	TRUE
76	姬海棠果	Jīhǎitáng Guǒ	[tɕī xǎi tʰáŋ kwǒ]	姬海棠果	ㄐㄧ ㄏㄞˇ ㄊㄤˊ ㄍㄨㄛˇ	Jīhǎitáng Guǒ	[tɕī xǎi tʰáŋ kwǒ]	姫海棠はたて	Himekaidou Hatate	ひめかいどう はたて	/çimekaidoː hatate/	姬海棠 果	姬海棠 果	ㄐㄧ ㄏㄞˇ ㄊㄤˊ ㄍㄨㄛˇ	姫海棠 はたて	
76	姬海棠羽立	Jīhǎitáng Yǔlì	[tɕī xǎi tʰáŋ y̌ lì]	姬海棠羽立	ㄐㄧ ㄏㄞˇ ㄊㄤˊ ㄩˇ ㄌㄧˋ	Jīhǎitáng Yǔlì	[tɕī xǎi tʰáŋ y̌ lì]	姫海棠はたて	Himekaidou Hatate	ひめかいどう はたて	/çimekaidoː hatate/	姬海棠 羽立	姬海棠 羽立	ㄐㄧ ㄏㄞˇ ㄊㄤˊ ㄩˇ ㄌㄧˋ	姫海棠 はたて	
76	姬海棠极	Jīhǎitáng Jí	[tɕī xǎi tʰáŋ tɕí]	姬海棠極	ㄐㄧ ㄏㄞˇ ㄊㄤˊ ㄐㄧˊ	Jīhǎitáng Jí	[tɕī xǎi tʰáŋ tɕí]	姫海棠はたて	Himekaidou Hatate	ひめかいどう はたて	/çimekaidoː hatate/	姬海棠 极	姬海棠 極	ㄐㄧ ㄏㄞˇ ㄊㄤˊ ㄐㄧˊ	姫海棠 はたて	
77	妖精大战争	Yāojīng Dàzhànzhēng	[jāu tɕīŋ tà ʈʂàn ʈʂə̄ŋ]	妖精大戰爭	ㄧㄠ ㄐㄧㄥ ㄉㄚˋ ㄓㄢˋ ㄓㄥ	Yāojīng Dàjhànjhēng	[jāu tɕīŋ tà ʈʂàn ʈʂə̄ŋ]	妖精大戦争	Yousei Daisensou	ようせい だいせんそう	/joːseː daiseɴsoː/	妖精大战争	妖精大戰爭	ㄧㄠ ㄐㄧㄥ ㄉㄚˋ ㄓㄢˋ ㄓㄥ	妖精大戦争	TRUE
78	神灵庙	Shénlíngmiào	[ʂə́n líŋ mjàu]	神靈廟	ㄕㄣˊ ㄌㄧㄥˊ ㄇㄧㄠˋ	Shénlíngmiào	[ʂə́n líŋ mjàu]	神霊廟	Shinreibyou	しんれいびょう	/ɕiɴɾeːbʲoː/	神灵庙	神靈廟	ㄕㄣˊ ㄌㄧㄥˊ ㄇㄧㄠˋ	神霊廟	TRUE
79	幽谷响子	Yōugǔ Xiǎngzǐ	[jōu kǔ ɕjǎŋ tsɹ̩̌]	幽谷響子	ㄧㄡ ㄍㄨˇ ㄒㄧㄤˇ ㄗˇ	Yōugǔ Siǎngzǐh	[jōu kǔ ɕjǎŋ tsɹ̩̌]	幽谷響子	Kasodani Kyouko	かそだに きょうこ	/kasodani kʲoːko/	幽谷 响子	幽谷 響子	ㄧㄡ ㄍㄨˇ ㄒㄧㄤˇ ㄗˇ	幽谷 響子	
80	宫古芳香	Gōnggǔ Fāngxiāng	[kʊ̄ŋ kǔ fāŋ ɕjāŋ]	宮古芳香	ㄍㄨㄥ ㄍㄨˇ ㄈㄤ ㄒㄧㄤ	Gōnggǔ Fāngsiāng	[kʊ̄ŋ kǔ fāŋ ɕjāŋ]	宮古芳香	Miyako Yoshika	みやこ よしか	/mijako joɕi̥ka/	宫古 芳香	宮古 芳香	ㄍㄨㄥ ㄍㄨˇ ㄈㄤ ㄒㄧㄤ	宮古 芳香	
81	霍青娥	Huò Qīng'é	[xwò tɕʰīŋ ɤ́]	霍青娥	ㄏㄨㄛˋ ㄑㄧㄥ ㄜˊ	Huò Cīng'é	[xwò tɕʰīŋ ɤ́]	霍青娥	Kaku Seiga	かく せいが	/kakɯ seːga/	霍 青娥	霍 青娥	ㄏㄨㄛˋ ㄑㄧㄥ ㄜˊ	霍 青娥	
82	青娥娘娘	Qīng'é Niángniang	[tɕʰīŋ ɤ́ njáŋ njaŋ]	青娥娘娘	ㄑㄧㄥ ㄜˊ ㄋㄧㄤˊ ˙ㄋㄧㄤ	Cīng'é Niángniang	[tɕʰīŋ ɤ́ njáŋ njaŋ]	青娥娘々	Seiga NyanNyan	せいが にゃんにゃん	/seːga ɲaɴɲaɴ/	青娥 娘娘	青娥 娘娘	ㄑㄧㄥ ㄜˊ ㄋㄧㄤˊ ˙ㄋㄧㄤ	青娥 娘々	
83	苏我屠自古	Sūwǒ Túzìgǔ	[sū wǒ tʰú tsɹ̩̀ kǔ]	蘇我屠自古	ㄙㄨ ㄨㄛˇ ㄊㄨˊ ㄗˋ ㄍㄨˇ	Sūwǒ Túzìhgǔ	[sū wǒ tʰú tsɹ̩̀ kǔ]	蘇我屠自古	Soga no Tojiko	そが の とじこ	/soga no todʑiko/	苏我 屠自古	蘇我 屠自古	ㄙㄨ ㄨㄛˇ ㄊㄨˊ ㄗˋ ㄍㄨˇ	蘇我 屠自古	
84	物部布都	Wùbù Bùdū	[ù pù pù tū]	物部布都	ㄨˋ ㄅㄨˋ ㄅㄨˋ ㄉㄨ	Wùbù Bùdū	[ù pù pù tū]	物部布都	Mononobe no Futo	もののべ の ふと	/mononobe no ɸɯ̥to/	物部 布都	物部 布都	ㄨˋ ㄅㄨˋ ㄅㄨˋ ㄉㄨ	物部 布都	
85	丰聪耳神子	Fēngcōng'ěr Shénzǐ	[fə̄ŋ tsʰʊ̄ŋ ɚ̌ ʂə́n tsɹ̩̌]	豐聰耳神子	ㄈㄥ ㄘㄨㄥ ㄦˇ ㄕㄣˊ ㄗˇ	Fōngcōng'ěr Shénzǐh	[fə̄ŋ tsʰʊ̄ŋ ɚ̌ ʂə́n tsɹ̩̌]	豊聡耳神子	Toyosatomimi no Miko	とよさとみみ の みこ	/tojosatomimi no miko/	丰聪耳 神子	豐聰耳 神子	ㄈㄥ ㄘㄨㄥ ㄦˇ ㄕㄣˊ ㄗˇ	豊聡耳 神子	
86	二岩猯藏	Èryán Tuānzàng	[ɚ̀ jɛ́n tʰwān tsàŋ]	二岩貒藏	ㄦˋ ㄧㄢˊ ㄊㄨㄢ ㄗㄤˋ	Èryán Tuānzàng	[ɚ̀ jɛ́n tʰwān tsàŋ]	二ッ岩マミゾウ	Futatsuiwa Mamizou	ふたついわ まみぞう	/ɸɯ̥tatsɯiwa mamizoː/	二岩 猯藏	二岩 貒藏	ㄦˋ ㄧㄢˊ ㄊㄨㄢ ㄗㄤˋ	二ッ岩 マミゾウ	
87	心绮楼	Xīnqǐlóu	[ɕīn tɕʰǐ lóu]	心綺樓	ㄒㄧㄣ ㄑㄧˇ ㄌㄡˊ	Sīncǐlóu	[ɕīn tɕʰǐ lóu]	心綺楼	Shinkirou	しんきろう	/ɕiɴkiɾoː/	心绮楼	心綺樓	ㄒㄧㄣ ㄑㄧˇ ㄌㄡˊ	心綺楼	TRUE
88	秦心	Qín Xīn	[tɕʰín ɕīn]	秦心	ㄑㄧㄣˊ ㄒㄧㄣ	Cín Sīn	[tɕʰín ɕīn]	秦こころ	Hata no Kokoro	はた の こころ	/hata no kokoɾo/	秦心	秦 心	ㄑㄧㄣˊ ㄒㄧㄣ	秦 こころ	
89	辉针城	Huīzhēnchéng	[xwēi ʈʂə̄n ʈʂʰə́ŋ]	輝針城	ㄏㄨㄟ ㄓㄣ ㄔㄥˊ	Huēijhēnchéng	[xwēi ʈʂə̄n ʈʂʰə́ŋ]	輝針城	Kishinjou	きしんじょう	/ki̥ɕiɴdʑoː/	辉针城	輝針城	ㄏㄨㄟ ㄓㄣ ㄔㄥˊ	輝針城	TRUE
90	若鹭姬	Ruòlùjī	[ʐwò lù tɕī]	若鷺姬	ㄖㄨㄛˋ ㄌㄨˋ ㄐㄧ	Ruòlùjī	[ʐwò lù tɕī]	わかさぎ姫	Wakasagihime	わかさぎひめ	/wakasagiçime/	若鹭姬	若鷺姬	ㄖㄨㄛˋ ㄌㄨˋ ㄐㄧ	わかさぎ姫	
91	赤蛮奇	Chìmánqí	[ʈʂʰɻ̩̀ mán tɕʰí]	赤蠻奇	ㄔˋ ㄇㄢˊ ㄑㄧˊ	Chìhmáncí	[ʈʂʰɻ̩̀ mán tɕʰí]	赤蛮奇	Sekibanki	せきばんき	/sekibaɴki/	赤蛮奇	赤蠻奇	ㄔˋ ㄇㄢˊ ㄑㄧˊ	赤蛮奇	
92	今泉影狼	Jīnquán Yǐngláng	[tɕīn tɕʰɥɛ́n ǐŋ láŋ]	今泉影狼	ㄐㄧㄣ ㄑㄩㄢˊ ㄧㄥˇ ㄌㄤˊ	Jīncyuán Yǐngláng	[tɕīn tɕʰɥɛ́n ǐŋ láŋ]	今泉影狼	Imaizumi Kagerou	いまいずみ かげろう	/imaizɯmi kageɾoː/	今泉 影狼	今泉 影狼	ㄐㄧㄣ ㄑㄩㄢˊ ㄧㄥˇ ㄌㄤˊ	今泉 影狼	
93	九十九八桥	Jiǔshíjiǔ Bāqiáo	[tɕjǒu ʂɻ̩́ tɕjǒu pā tɕʰjáu]	九十九八橋	ㄐㄧㄡˇ ㄕˊ ㄐㄧㄡˇ ㄅㄚ ㄑㄧㄠˊ	Jiǒushíhjiǒu Bāciáo	[tɕjǒu ʂɻ̩́ tɕjǒu pā tɕʰjáu]	九十九八橋	Tsukumo Yatsuhashi	つくも やつはし	/tsɯ̥kɯmo jatsɯ̥haɕi/	九十九 八桥	九十九 八橋	ㄐㄧㄡˇ ㄕˊ ㄐㄧㄡˇ \nㄅㄚ ㄑㄧㄠˊ	九十九 八橋	
94	九十九弁弁	Jiǔshíjiǔ Biànbiàn	[tɕjǒu ʂɻ̩́ tɕjǒu pjɛ̀n pjɛ̀n]	九十九弁弁	ㄐㄧㄡˇ ㄕˊ ㄐㄧㄡˇ ㄅㄧㄢˋ ㄅㄧㄢˋ	Jiǒushíhjiǒu Biànbiàn	[tɕjǒu ʂɻ̩́ tɕjǒu pjɛ̀n pjɛ̀n]	九十九弁々	Tsukumo Benben	つくも べんべん	/tsɯ̥kɯmo beɴbeɴ/	九十九 弁弁	九十九 弁弁	ㄐㄧㄡˇ ㄕˊ ㄐㄧㄡˇ \nㄅㄧㄢˋ ㄅㄧㄢˋ	九十九 弁々	
95	鬼人正邪	Guǐrén Zhèngxié	[kwěi ʐə́n ʈʂə̀ŋ ɕjé]	鬼人正邪	ㄍㄨㄟˇ ㄖㄣˊ ㄓㄥˋ ㄒㄧㄝˊ	Guěirén Jhèngsié	[kwěi ʐə́n ʈʂə̀ŋ ɕjé]	鬼人正邪	Kijin Seija	きじん せいじゃ	/kidʑiɴ seːdʑa/	鬼人正邪	鬼人 正邪	ㄍㄨㄟˇ ㄖㄣˊ ㄓㄥˋ ㄒㄧㄝˊ	鬼人 正邪	
96	少名针妙丸	Shàomíng Zhēnmiàowán	[ʂàu míŋ ʈʂə̄n mjàu wán]	少名針妙丸	ㄕㄠˋ ㄇㄧㄥˊ ㄓㄣ ㄇㄧㄠˋ ㄨㄢˊ	Shàomíng Jhēnmiàowán	[ʂàu míŋ ʈʂə̄n mjàu wán]	少名針妙丸	Sukuna Shinmyoumaru	すくな しんみょうまる	/sɯ̥kɯna ɕiɴmʲoːmaɾɯ/	少名 针妙丸	少名 針妙丸	ㄕㄠˋ ㄇㄧㄥˊ \nㄓㄣ ㄇㄧㄠˋ ㄨㄢˊ	少名 針妙丸	
97	堀川雷鼓	Kūchuān Léigǔ	[kʰū ʈʂʰwān léi kǔ]	堀川雷鼓	ㄎㄨ ㄔㄨㄢ ㄌㄟˊ ㄍㄨˇ	Kūchuān Léigǔ	[kʰū ʈʂʰwān léi kǔ]	堀川雷鼓	Horikawa Raiko	ほりかわ らいこ	/hoɾikawa ɾaiko/	堀川 雷鼓	堀川 雷鼓	ㄎㄨ ㄔㄨㄢ ㄌㄟˊ ㄍㄨˇ	堀川 雷鼓	
98	弹幕天邪鬼	Dànmù Tiānxiéguǐ	[tàn mù tʰjɛ̄n ɕjé kwěi]	彈幕天邪鬼	ㄉㄢˋ ㄇㄨˋ ㄊㄧㄢ ㄒㄧㄝˊ ㄍㄨㄟˇ	Dànmù Tiānsiéguěi	[tàn mù tʰjɛ̄n ɕjé kwěi]	弾幕アマノジャク	Danmaku Amanojaku	だんまく あまのじゃく	/daɴmakɯ amanodʑakɯ/	弹幕天邪鬼	彈幕天邪鬼	ㄉㄢˋ ㄇㄨˋ \nㄊㄧㄢ ㄒㄧㄝˊ ㄍㄨㄟˇ	弾幕\nアマノジャク	TRUE
99	深秘录	Shēnmìlù	[ʂə̄n mì lù]	深秘錄	ㄕㄣ ㄇㄧˋ ㄌㄨˋ	Shēnmìlù	[ʂə̄n mì lù]	深秘録	Shinpiroku	しんぴろく	/ɕiɴpiɾokɯ/	深秘录	深秘錄	ㄕㄣ ㄇㄧˋ ㄌㄨˋ	深秘録	TRUE
100	宇佐见堇子	Yǔzuǒjiàn Jǐnzǐ	[y̌ tswǒ tɕjɛ̀n tɕǐn tsɹ̩̌]	宇佐見堇子	ㄩˇ ㄗㄨㄛˇ ㄐㄧㄢˋ ㄐㄧㄣˇ ㄗˇ	Yǔzuǒjiàn Jǐnzǐh	[y̌ tswǒ tɕjɛ̀n tɕǐn tsɹ̩̌]	宇佐見菫子	Usami Sumireko	うさみ すみれこ	/ɯsami sɯmiɾeko/	宇佐见 堇子	宇佐見 堇子	ㄩˇ ㄗㄨㄛˇ ㄐㄧㄢˋ ㄐㄧㄣˇ ㄗˇ	宇佐見 菫子	
101	绀珠传	Gànzhūzhuàn	[kàn ʈʂū ʈʂwàn]	紺珠傳	ㄍㄢˋ ㄓㄨ ㄓㄨㄢˋ	Gànjhūjhuàn	[kàn ʈʂū ʈʂwàn]	紺珠伝	Kanjuden	かんじゅでん	/kaɴdʑɯdeɴ/	绀珠传	紺珠傳	ㄍㄢˋ ㄓㄨ ㄓㄨㄢˋ	紺珠伝	TRUE
102	清兰	Qīnglán	[tɕʰīŋ lán]	清蘭	ㄑㄧㄥ ㄌㄢˊ	Cīnglán	[tɕʰīŋ lán]	清蘭	Seiran	せいらん	/seːɾaɴ/	清兰	清蘭	ㄑㄧㄥ ㄌㄢˊ	清蘭	
103	铃瑚	Línghú	[líŋ xú]	鈴瑚	ㄌㄧㄥˊ ㄏㄨˊ	Línghú	[líŋ xú]	鈴瑚	Ringo	りんご	/ɾiɴgo/	铃瑚	鈴瑚	ㄌㄧㄥˊ ㄏㄨˊ	鈴瑚	
104	哆来咪·苏伊特	Duōláimī Sūyītè	[twō lái mī sū ī tʰɤ̀]	哆來咪·蘇伊特	ㄉㄨㄛ ㄌㄞˊ ㄇㄧ ㄙㄨ ㄧ ㄊㄜˋ	Duōláimī Sūyītè	[twō lái mī sū ī tʰɤ̀]	ドレミー・スイート	Doremy Sweet	どれみー すいーと	/doɾemiː sɯiːto/	哆来咪·苏伊特	哆來咪·\n蘇伊特	ㄉㄨㄛ ㄌㄞˊ ㄇㄧ ㄙㄨ ㄧ ㄊㄜˋ	ドレミー・\nスイート	
105	稀神探女	Xīshén Tànnǚ	[ɕī ʂə́n tʰàn ny̌]	稀神探女	ㄒㄧ ㄕㄣˊ ㄊㄢˋ ㄋㄩˇ	Sīshén Tànnyǔ	[ɕī ʂə́n tʰàn ny̌]	稀神サグメ	Kishin Sagume	きしん さぐめ	/ki̥ɕiɴ sagɯme/	稀神 探女	稀神 探女	ㄒㄧ ㄕㄣˊ ㄊㄢˋ ㄋㄩˇ	稀神 サグメ	
106	克劳恩皮丝	Kèláo'ēn Písī	[kʰɤ̀ láu ə̄n pʰí sɹ̩̄]	克勞恩皮絲	ㄎㄜˋ ㄌㄠˊ ㄣ ㄆㄧˊ ㄙ	Kèláo'ēn Písīh	[kʰɤ̀ láu ə̄n pʰí sɹ̩̄]	クラウンピース	Clownpiece	くらうんぴーす	/kɯɾaɯɴpiːsɯ/	克劳恩皮丝	克勞恩皮絲	ㄎㄜˋ ㄌㄠˊ ㄣ ㄆㄧˊ ㄙ	クラウン\nピース	
107	纯狐	Chúnhú	[ʈʂʰwə́n xú]	純狐	ㄔㄨㄣˊ ㄏㄨˊ	Chúnhú	[ʈʂʰwə́n xú]	純狐	Junko	じゅんこ	/dʑɯɴko/	纯狐	純狐	ㄔㄨㄣˊ ㄏㄨˊ	純狐	
108	赫卡提亚·拉碧斯拉祖利	Hèkǎtíyà Lābìsīlāzǔlì	[xɤ̀ kʰǎ tʰí jà lā pì sɹ̩̄ lā tsǔ lì]	赫卡提亞·拉碧斯拉祖利	ㄏㄜˋ ㄎㄚˇ ㄊㄧˊ ㄧㄚˋ ㄌㄚ ㄅㄧˋ ㄙ ㄌㄚ ㄗㄨˇ ㄌㄧˋ	Hèkǎtíyà Lābìsīhlāzǔlì	[xɤ̀ kʰǎ tʰí jà lā pì sɹ̩̄ lā tsǔ lì]	ヘカーティア・ラピスラズリ	Hecatia Lapislazuli	へかーてぃあ らぴすらずり	/hekaːtia ɾapi̥sɯɾazɯɾi/	赫卡提亚·\n拉碧斯拉祖利	赫卡提亞·\n拉碧斯拉祖利	ㄏㄜˋ ㄎㄚˇ ㄊㄧˊ ㄧㄚˋ \nㄌㄚ ㄅㄧˋ ㄙ ㄌㄚ ㄗㄨˇ ㄌㄧˋ	ヘカーティア・\nラピスラズリ	
109	凭依华	Píngyīhuá	[pʰíŋ ī xwá]	憑依華	ㄆㄧㄥˊ ㄧ ㄏㄨㄚˊ	Píngyīhuá	[pʰíŋ ī xwá]	憑依華	Hyouibana	ひょういばな	/çoːibana/	凭依华	憑依華	ㄆㄧㄥˊ ㄧ ㄏㄨㄚˊ	憑依華	TRUE
110	依神女苑	Yīshén Nǚyuàn	[ī ʂə́n ny̌ ɥɛ̀n]	依神女苑	ㄧ ㄕㄣˊ ㄋㄩˇ ㄩㄢˋ	Yīshén Nyǔyuàn	[ī ʂə́n ny̌ ɥɛ̀n]	依神女苑	Yorigami Joon	よりがみ じょおん	/joɾigami dʑoːɴ/	依神 女苑	依神 女苑	ㄧ ㄕㄣˊ ㄋㄩˇ ㄩㄢˋ	依神 女苑	
111	依神紫苑	Yīshén Zǐyuàn	[ī ʂə́n tsɹ̩̌ ɥɛ̀n]	依神紫苑	ㄧ ㄕㄣˊ ㄗˇ ㄩㄢˋ	Yīshén Zǐhyuàn	[ī ʂə́n tsɹ̩̌ ɥɛ̀n]	依神紫苑	Yorigami Shion	よりがみ しおん	/joɾigami ɕioɴ/	依神 紫苑	依神 紫苑	ㄧ ㄕㄣˊ ㄗˇ ㄩㄢˋ	依神 紫苑	
112	天空璋	Tiānkōngzhāng	[tʰjɛ̄n kʰʊ̄ŋ ʈʂāŋ]	天空璋	ㄊㄧㄢ ㄎㄨㄥ ㄓㄤ	Tiānkōngjhāng	[tʰjɛ̄n kʰʊ̄ŋ ʈʂāŋ]	天空璋	Tenkuushou	てんくうしょう	/teɴkɯːɕoː/	天空璋	天空璋	ㄊㄧㄢ ㄎㄨㄥ ㄓㄤ	天空璋	TRUE
113	爱塔妮缇拉尔瓦	Àitǎnītí Lā'ěrwǎ	[ài tʰǎ nī tʰí lā ɚ̌ wǎ]	愛塔妮緹拉爾瓦	ㄞˋ ㄊㄚˇ ㄋㄧˊ ㄊㄧˊ ㄌㄚ ㄦˇ ㄨㄚˇ	Àitǎnítí Lā'ěrwǎ	[ài tʰǎ ní tʰí lā ɚ̌ wǎ]	エタニティラルバ	Eternity Larva	えたにてぃらるば	/etanitiɾaɾɯba/	爱塔妮缇\n拉尔瓦	愛塔妮緹\n拉爾瓦	ㄞˋ ㄊㄚˇ ㄋㄧˊ ㄊㄧˊ \nㄌㄚ ㄦˇ ㄨㄚˇ	エタニティ\nラルバ	
114	坂田合欢	Bǎntián Héhuān	[pǎn tʰjɛ́n xɤ́ xwān]	坂田合歡	ㄅㄢˇ ㄊㄧㄢˊ ㄏㄜˊ ㄏㄨㄢ	Bǎntián Héhuān	[pǎn tʰjɛ́n xɤ́ xwān]	坂田ネムノ	Sakata Nemuno	さかた ねむの	/sakata nemɯno/	坂田 合欢	坂田 合歡	ㄅㄢˇ ㄊㄧㄢˊ ㄏㄜˊ ㄏㄨㄢ	坂田 ネムノ	
114	坂田合欢野	Bǎntián Héhuānyě	[pǎn tʰjɛ́n xɤ́ xwān jě]	坂田合歡野	ㄅㄢˇ ㄊㄧㄢˊ ㄏㄜˊ ㄏㄨㄢ ㄧㄝˇ	Bǎntián Héhuānyě	[pǎn tʰjɛ́n xɤ́ xwān jě]	坂田ネムノ	Sakata Nemuno	さかた ねむの	/sakata nemɯno/	坂田 合欢野	坂田 合歡野	ㄅㄢˇ ㄊㄧㄢˊ \nㄏㄜˊ ㄏㄨㄢ ㄧㄝˇ	坂田 ネムノ	
114	坂田合欢乃	Bǎntián Héhuānnǎi	[pǎn tʰjɛ́n xɤ́ xwān nǎi]	坂田合歡乃	ㄅㄢˇ ㄊㄧㄢˊ ㄏㄜˊ ㄏㄨㄢ ㄋㄞˇ	Bǎntián Héhuānnǎi	[pǎn tʰjɛ́n xɤ́ xwān nǎi]	坂田ネムノ	Sakata Nemuno	さかた ねむの	/sakata nemɯno/	坂田 合欢乃	坂田 合歡乃	ㄅㄢˇ ㄊㄧㄢˊ \nㄏㄜˊ ㄏㄨㄢ ㄋㄞˇ	坂田 ネムノ	
115	高丽野阿吽	Gāolíyě Āhōng	[kāu lí jě ā xʊ̄ŋ]	高麗野阿吽	ㄍㄠ ㄌㄧˊ ㄧㄝˇ ㄚ ㄏㄨㄥ	Gāolíyě Āhōng	[kāu lí jě ā xʊ̄ŋ]	高麗野あうん	Komano Aun	こまの あうん	/komano aɯɴ/	高丽野 阿吽	高麗野 阿吽	ㄍㄠ ㄌㄧˊ ㄧㄝˇ ㄚ ㄏㄨㄥ	高麗野 あうん	
116	矢田寺成美	Shǐtiánsì Chéngměi	[ʂɻ̩̌ tʰjɛ́n sɹ̩̀ ʈʂʰə́ŋ měi]	矢田寺成美	ㄕˇ ㄊㄧㄢˊ ㄙˋ ㄔㄥˊ ㄇㄟˇ	Shǐhtiánsìh Chéngměi	[ʂɻ̩̌ tʰjɛ́n sɹ̩̀ ʈʂʰə́ŋ měi]	矢田寺成美	Yatadera Narumi	やたでら なるみ	/jatadeɾa naɾɯmi/	矢田寺 成美	矢田寺 成美	ㄕˇ ㄊㄧㄢˊ ㄙˋ ㄔㄥˊ ㄇㄟˇ	矢田寺 成美	
117	丁礼田舞	Dīnglǐtián Wǔ	[tīŋ lǐ tʰjɛ́n ǔ]	丁禮田舞	ㄉㄧㄥ ㄌㄧˇ ㄊㄧㄢˊ ㄨˇ	Dīnglǐtián Wǔ	[tīŋ lǐ tʰjɛ́n ǔ]	丁礼田舞	Teireida Mai	ていれいだ まい	/teːɾeːda mai/	丁礼田 舞	丁禮田 舞	ㄉㄧㄥ ㄌㄧˇ ㄊㄧㄢˊ ㄨˇ	丁礼田 舞	
118	尔子田里乃	Ěrzǐtián Lǐnǎi	[ɚ̌ tsɹ̩̌ tʰjɛ́n lǐ nǎi]	爾子田里乃	ㄦˇ ㄗˇ ㄊㄧㄢˊ ㄌㄧˇ ㄋㄞˇ	Ěrzǐhtián Lǐnǎi	[ɚ̌ tsɹ̩̌ tʰjɛ́n lǐ nǎi]	爾子田里乃	Nishida Satono	にしだ さとの	/niɕida satono/	尔子田 里乃	爾子田 里乃	ㄦˇ ㄗˇ ㄊㄧㄢˊ ㄌㄧˇ ㄋㄞˇ	爾子田 里乃	
119	摩多罗隐岐奈	Móduōluó Yǐnqínài	[mwó twō lwó ǐn tɕʰí nài]	摩多羅隱岐奈	ㄇㄛˊ ㄉㄨㄛ ㄌㄨㄛˊ ㄧㄣˇ ㄑㄧˊ ㄋㄞˋ	Móduōluó Yǐncínài	[mwó twō lwó ǐn tɕʰí nài]	摩多羅隠岐奈	Matara Okina	またら おきな	/mataɾa okina/	摩多罗 隐岐奈	摩多羅 隱岐奈	ㄇㄛˊ ㄉㄨㄛ ㄌㄨㄛˊ \nㄧㄣˇ ㄑㄧˊ ㄋㄞˋ	摩多羅 隠岐奈	
120	秘封噩梦日记	Mìfēng Èmèng Rìjì	[mì fə̄ŋ ɤ̀ mə̀ŋ ʐɻ̩̀ tɕì]	秘封噩夢日記	ㄇㄧˋ ㄈㄥ ㄜˋ ㄇㄥˋ ㄖˋ ㄐㄧˋ	Mìfōng Èmèng Rìhjì	[mì fə̄ŋ ɤ̀ mə̀ŋ ʐɻ̩̀ tɕì]	秘封ナイトメアダイアリー	Hifuu Nightmare Diary	ひふう ないとめあ だいありー	/çi̥ɸɯː naitomea daiaɾiː/	秘封噩梦日记	秘封噩夢日記	ㄇㄧˋ ㄈㄥ ㄜˋ ㄇㄥˋ ㄖˋ ㄐㄧˋ	秘封\nナイトメア\nダイアリー	TRUE
121	鬼形兽	Guǐxíngshòu	[kwěi ɕíŋ ʂòu]	鬼形獸	ㄍㄨㄟˇ ㄒㄧㄥˊ ㄕㄡˋ	Guěisíngshòu	[kwěi ɕíŋ ʂòu]	鬼形獣	Kikeijuu	きけいじゅう	/ki̥keːdʑɯː/	鬼形兽	鬼形獸	ㄍㄨㄟˇ ㄒㄧㄥˊ ㄕㄡˋ	鬼形獣	TRUE
122	戎璎花	Róng Yīnghuā	[ʐʊ́ŋ īŋ xwā]	戎瓔花	ㄖㄨㄥˊ ㄧㄥ ㄏㄨㄚ	Róng Yīnghuā	[ʐʊ́ŋ īŋ xwā]	戎瓔花	Ebisu Eika	えびす えいか	/ebisɯ eːka/	戎璎花	戎 瓔花	ㄖㄨㄥˊ ㄧㄥ ㄏㄨㄚ	戎 瓔花	TRUE
123	牛崎润美	Niúqí Rùnměi	[njóu tɕʰí ʐwə̀n měi]	牛崎潤美	ㄋㄧㄡˊ ㄑㄧˊ ㄖㄨㄣˋ ㄇㄟˇ	Nióucí Rùnměi	[njóu tɕʰí ʐwə̀n měi]	牛崎潤美	Ushizaki Urumi	うしざき うるみ	/ɯɕizaki ɯɾɯmi/	牛崎润美	牛崎 潤美	ㄋㄧㄡˊ ㄑㄧˊ ㄖㄨㄣˋ ㄇㄟˇ	牛崎 潤美	
124	庭渡久侘歌	Tíngdù Jiǔchàgē	[tʰíŋ tù tɕjǒu ʈʂʰà kɤ̄]	庭渡久侘歌	ㄊㄧㄥˊ ㄉㄨˋ ㄐㄧㄡˇ ㄔㄚˋ ㄍㄜ	Tíngdù Jiǒuchàgē	[tʰíŋ tù tɕjǒu ʈʂʰà kɤ̄]	庭渡久侘歌	Niwatari Kutaka	にわたり くたか	/niwataɾi kɯ̥taka/	庭渡 久侘歌	庭渡 久侘歌	ㄊㄧㄥˊ ㄉㄨˋ \nㄐㄧㄡˇ ㄔㄚˋ ㄍㄜ	庭渡 久侘歌	
125	吉吊八千慧	Jídiào Bāqiānhuì	[tɕí tjàu pā tɕʰjɛ̄n xwèi]	吉弔八千慧	ㄐㄧˊ ㄉㄧㄠˋ ㄅㄚ ㄑㄧㄢ ㄏㄨㄟˋ	Jídiào Bāciānhuèi	[tɕí tjàu pā tɕʰjɛ̄n xwèi]	吉弔八千慧	Kicchou Yachie	きっちょう やちえ	/ki̥ttɕoː jatɕie/	吉吊 八千慧	吉弔 八千慧	ㄐㄧˊ ㄉㄧㄠˋ \nㄅㄚ ㄑㄧㄢ ㄏㄨㄟˋ	吉弔 八千慧	
125	吉吊八千慧	Jídiào Bāqiānhuì	[tɕí tjàu pā tɕʰjɛ̄n xwèi]	吉吊八千慧	ㄐㄧˊ ㄉㄧㄠˋ ㄅㄚ ㄑㄧㄢ ㄏㄨㄟˋ	Jídiào Bāciānhuèi	[tɕí tjàu pā tɕʰjɛ̄n xwèi]	吉弔八千慧	Kicchou Yachie	きっちょう やちえ	/ki̥ttɕoː jatɕie/	吉吊 八千慧	吉吊 八千慧	ㄐㄧˊ ㄉㄧㄠˋ \nㄅㄚ ㄑㄧㄢ ㄏㄨㄟˋ	吉弔 八千慧	
126	杖刀偶磨弓	Zhàngdāo'ǒu Mógōng	[ʈʂàŋ tāu ǒu mwó kʊ̄ŋ]	杖刀偶磨弓	ㄓㄤˋ ㄉㄠ ㄡˇ ㄇㄛˊ ㄍㄨㄥ	Jhàngdāo'ǒu Mógōng	[ʈʂàŋ tāu ǒu mwó kʊ̄ŋ]	杖刀偶磨弓	Joutouguu Mayumi	じょうとうぐう まゆみ	/dʑoːtoːgɯː majɯmi/	杖刀偶 磨弓	杖刀偶 磨弓	ㄓㄤˋ ㄉㄠ ㄡˇ ㄇㄛˊ ㄍㄨㄥ	杖刀偶 磨弓	
127	埴安神袿姬	Zhí'ānshén Guījī	[ʈʂɻ̩́ ān ʂə́n kwēi tɕī]	埴安神袿姬	ㄓˊ ㄢ ㄕㄣˊ ㄍㄨㄟ ㄐㄧ	Jhíh'ānshén Guēijī	[ʈʂɻ̩́ ān ʂə́n kwēi tɕī]	埴安神袿姫	Haniyasushin Keiki	はにやすしん けいき	/hanijasɯ̥ɕiɴ keːki/	埴安神 袿姬	埴安神 袿姬	ㄓˊ ㄢ ㄕㄣˊ ㄍㄨㄟ ㄐㄧ	埴安神 袿姫	
128	骊驹早鬼	Líjū Zǎoguǐ	[lí tɕȳ tsǎu kwěi]	驪駒早鬼	ㄌㄧˊ ㄐㄩ ㄗㄠˇ ㄍㄨㄟˇ	Líjyū Zǎoguěi	[lí tɕȳ tsǎu kwěi]	驪駒早鬼	Kurokoma Saki	くろこま さき	/kɯɾokoma saki/	骊驹 早鬼	驪駒 早鬼	ㄌㄧˊ ㄐㄩ ㄗㄠˇ ㄍㄨㄟˇ	驪駒 早鬼	
129	刚欲异闻	Gāngyùyìwén	[kāŋ ỳ ì wə́n]	剛欲異聞	ㄍㄤ ㄩˋ ㄧˋ ㄨㄣˊ	Gāngyùyìwún	[kāŋ ỳ ì wə́n]	剛欲異聞	Gouyoku Ibun	ごうよくいぶん	/goːjokɯibɯɴ/	刚欲异闻	剛欲異聞	ㄍㄤ ㄩˋ ㄧˋ ㄨㄣˊ	剛欲異聞	TRUE
130	饕餮尤魔	Tāotiè Yóumó	[tʰāu tʰjè jóu mwó]	饕餮尤魔	ㄊㄠ ㄊㄧㄝˋ ㄧㄡˊ ㄇㄛˊ	Tāotiè Yóumó	[tʰāu tʰjè jóu mwó]	饕餮尤魔	Toutetsu Yuuma	とうてつ ゆうま	/toːtetsɯ jɯːma/	饕餮 尤魔	饕餮 尤魔	ㄊㄠ ㄊㄧㄝˋ ㄧㄡˊ ㄇㄛˊ	饕餮 尤魔	
131	虹龙洞	Hónglóngdòng	[xʊ́ŋ lʊ́ŋ tʊ̀ŋ]	虹龍洞	ㄏㄨㄥˊ ㄌㄨㄥˊ ㄉㄨㄥˋ	Hónglóngdòng	[xʊ́ŋ lʊ́ŋ tʊ̀ŋ]	虹龍洞	Kouryuudou	こうりゅうどう	/koːɾʲɯːdoː/	虹龙洞	虹龍洞	ㄏㄨㄥˊ ㄌㄨㄥˊ ㄉㄨㄥˋ	虹龍洞	TRUE
132	豪德寺三花	Háodésì Sānhuā	[xáu tɤ́ sɹ̩̀ sān xwā]	豪德寺三花	ㄏㄠˊ ㄉㄜˊ ㄙˋ ㄙㄢ ㄏㄨㄚ	Háodésìh Sānhuā	[xáu tɤ́ sɹ̩̀ sān xwā]	豪徳寺ミケ	Goutokuji Mike	ごうとくじ みけ	/goːtokɯdʑi mike/	豪德寺 三花	豪德寺 三花	ㄏㄠˊ ㄉㄜˊ ㄙˋ ㄙㄢ ㄏㄨㄚ	豪徳寺 ミケ	
132	豪德寺三毛	Háodésì Sānmáo	[xáu tɤ́ sɹ̩̀ sān máu]	豪德寺三毛	ㄏㄠˊ ㄉㄜˊ ㄙˋ ㄙㄢ ㄇㄠˊ	Háodésìh Sānmáo	[xáu tɤ́ sɹ̩̀ sān máu]	豪徳寺ミケ	Goutokuji Mike	ごうとくじ みけ	/goːtokɯdʑi mike/	豪德寺 三毛	豪德寺 三毛	ㄏㄠˊ ㄉㄜˊ ㄙˋ ㄙㄢ ㄇㄠˊ	豪徳寺 ミケ	
133	山城高岭	Shānchéng Gāolǐng	[ʂān ʈʂʰə́ŋ kāu lǐŋ]	山城高嶺	ㄕㄢ ㄔㄥˊ ㄍㄠ ㄌㄧㄥˇ	Shānchéng Gāolǐng	[ʂān ʈʂʰə́ŋ kāu lǐŋ]	山城たかね	Yamashiro Takane	やましろ たかね	/jamaɕiɾo takane/	山城 高岭	山城 高嶺	ㄕㄢ ㄔㄥˊ ㄍㄠ ㄌㄧㄥˇ	山城 たかね	
134	驹草山如	Jūcǎo Shānrú	[tɕȳ tsʰǎu ʂān ʐú]	駒草山如	ㄐㄩ ㄘㄠˇ ㄕㄢ ㄖㄨˊ	Jyūcǎo Shānrú	[tɕȳ tsʰǎu ʂān ʐú]	駒草山如	Komakusa Sannyo	こまくさ さんにょ	/komakɯ̥sa saɴnʲo/	驹草 山如	駒草 山如	ㄐㄩ ㄘㄠˇ ㄕㄢ ㄖㄨˊ	駒草 山如	
135	玉造魅须丸	Yùzào Mèixūwán	[ỳ tsàu mèi ɕȳ wán]	玉造魅須丸	ㄩˋ ㄗㄠˋ ㄇㄟˋ ㄒㄩ ㄨㄢˊ	Yùzào Mèisyūwán	[ỳ tsàu mèi ɕȳ wán]	玉造魅須丸	Tamatsukuri Misumaru	たまつくり みすまる	/tamatsɯ̥kɯɾi misɯmaɾɯ/	玉造 魅须丸	玉造 魅須丸	ㄩˋ ㄗㄠˋ ㄇㄟˋ ㄒㄩ ㄨㄢˊ	玉造 魅須丸	
136	菅牧典	Jiānmù Diǎn	[tɕjɛ̄n mù tjɛ̌n]	菅牧典	ㄐㄧㄢ ㄇㄨˋ ㄉㄧㄢˇ	Jiānmù Diǎn	[tɕjɛ̄n mù tjɛ̌n]	菅牧典	Kudamaki Tsukasa	くだまき つかさ	/kɯdamaki tsɯ̥kasa/	菅牧 典	菅牧 典	ㄐㄧㄢ ㄇㄨˋ ㄉㄧㄢˇ	菅牧 典	
137	饭纲丸龙	Fàngāngwán Lóng	[fàn kāŋ wán lʊ́ŋ]	飯綱丸龍	ㄈㄢˋ ㄍㄤ ㄨㄢˊ ㄌㄨㄥˊ	Fàngāngwán Lóng	[fàn kāŋ wán lʊ́ŋ]	飯綱丸龍	Iizunamaru Megumu	いいずなまる めぐむ	/iːzɯnamaɾɯ megɯmɯ/	饭纲丸 龙	飯綱丸 龍	ㄈㄢˋ ㄍㄤ ㄨㄢˊ ㄌㄨㄥˊ	飯綱丸 龍	
138	天弓千亦	Tiāngōng Qiānyì	[tʰjɛ̄n kʊ̄ŋ tɕʰjɛ̄n ì]	天弓千亦	ㄊㄧㄢ ㄍㄨㄥ ㄑㄧㄢ ㄧˋ	Tiāngōng Ciānyì	[tʰjɛ̄n kʊ̄ŋ tɕʰjɛ̄n ì]	天弓千亦	Tenkyuu Chimata	てんきゅう ちまた	/teɴkʲɯː tɕimata/	天弓 千亦	天弓 千亦	ㄊㄧㄢ ㄍㄨㄥ ㄑㄧㄢ ㄧˋ	天弓 千亦	
139	姬虫百百世	Jīchóng Bǎibǎishì	[tɕī ʈʂʰʊ́ŋ pǎi pǎi ʂɻ̩̀]	姬蟲百百世	ㄐㄧ ㄔㄨㄥˊ ㄅㄞˇ ㄅㄞˇ ㄕˋ	Jīchóng Bǎibǎishìh	[tɕī ʈʂʰʊ́ŋ pǎi pǎi ʂɻ̩̀]	姫虫百々世	Himemushi Momoyo	ひめむし ももよ	/çimemɯɕi momojo/	姬虫 百百世	姬蟲 百百世	ㄐㄧ ㄔㄨㄥˊ ㄅㄞˇ ㄅㄞˇ ㄕˋ	姫虫 百々世	
140	弹幕狂们的黑市	Dànmù Kuángmen de Hēishì	[tàn mù kʰwáŋ mən tə xēi ʂɻ̩̀]	彈幕狂們的黑市	ㄉㄢˋ ㄇㄨˋ ㄎㄨㄤˊ ˙ㄇㄣ ˙ㄉㄜ ㄏㄟ ㄕˋ	Dànmù Kuángmen de Hēishìh	[tàn mù kʰwáŋ mən tə xēi ʂɻ̩̀]	バレットフィリア達の闇市場	Bulletphilia Tachi no Yami Ichiba	ばれっとふぃりあ たち の やみいちば	/baɾettoɸiɾia tatɕi no jamiːtɕiba/	弹幕狂们\n的黑市	彈幕狂們\n的黑市	ㄉㄢˋ ㄇㄨˋ ㄎㄨㄤˊ ˙ㄇㄣ \n˙ㄉㄜ ㄏㄟ ㄕˋ	バレット\nフィリア達\nの闇市場	TRUE
141	兽王园	Shòuwángyuán	[ʂòu wáŋ ɥɛ́n]	獸王園	ㄕㄡˋ ㄨㄤˊ ㄩㄢˊ	Shòuwángyuán	[ʂòu wáŋ ɥɛ́n]	獣王園	Juuouen	じゅうおうえん	/dʑɯːoːeɴ/	兽王园	獸王園	ㄕㄡˋ ㄨㄤˊ ㄩㄢˊ	獣王園	TRUE
142	孙美天	Sūn Měitiān	[swə̄n měi tʰjɛ̄n]	孫美天	ㄙㄨㄣ ㄇㄟˇ ㄊㄧㄢ	Sūn Měitiān	[swə̄n měi tʰjɛ̄n]	孫美天	Son Biten	そん びてん	/soɴ biteɴ/	孙 美天	孫 美天	ㄙㄨㄣ ㄇㄟˇ ㄊㄧㄢ	孫 美天	
143	三头慧之子	Sāntóu Huìzhīzǐ	[sān tʰóu xwèi ʈʂɻ̩̄ tsɹ̩̌]	三頭慧之子	ㄙㄢ ㄊㄡˊ ㄏㄨㄟˋ ㄓ ㄗˇ	Sāntóu Huèijhīhzǐh	[sān tʰóu xwèi ʈʂɻ̩̄ tsɹ̩̌]	三頭慧ノ子	Mitsugashira Enoko	みつがしら えのこ	/mitsɯgaɕiɾa enoko/	三头 慧之子	三頭 慧之子	ㄙㄢ ㄊㄡˊ ㄏㄨㄟˋ ㄓ ㄗˇ	三頭 慧ノ子	
144	天火人血枪	Tiānhuǒrén Xuèqiāng	[tʰjɛ̄n xwǒ ʐə́n ɕɥè tɕʰjāŋ]	天火人血槍	ㄊㄧㄢ ㄏㄨㄛˇ ㄖㄣˊ ㄒㄧㄝˇ ㄑㄧㄤ	Tiānhuǒrén Siěciāng	[tʰjɛ̄n xwǒ ʐə́n ɕjě tɕʰjāŋ]	天火人ちやり	Tenkajin Chiyari	てんかじん ちやり	/teɴkadʑiɴ tɕijaɾi/	天火人 血枪	天火人 血槍	ㄊㄧㄢ ㄏㄨㄛˇ ㄖㄣˊ \nㄒㄧㄝˇ ㄑㄧㄤ	天火人 ちやり	
145	豫母都日狭美	Yùmǔdū Rìxiáměi	[ỳ mǔ tū ʐɻ̩̀ ɕjá měi]	豫母都日狹美	ㄩˋ ㄇㄨˇ ㄉㄨ ㄖˋ ㄒㄧㄚˊ ㄇㄟˇ	Yùmǔdū Rìhsiáměi	[ỳ mǔ tū ʐɻ̩̀ ɕjá měi]	豫母都日狭美	Yomotsu Hisami	よもつ ひさみ	/jomotsɯ çi̥sami/	豫母都 日狭美	豫母都 日狹美	ㄩˋ ㄇㄨˇ ㄉㄨ ㄖˋ ㄒㄧㄚˊ ㄇㄟˇ	豫母都 日狭美	
146	日白残无	Rìbái Cánwú	[ʐɻ̩̀ pái tsʰán ú]	日白殘無	ㄖˋ ㄅㄞˊ ㄘㄢˊ ㄨˊ	Rìhbái Cánwú	[ʐɻ̩̀ pái tsʰán ú]	日白残無	Nippaku Zanmu	にっぱく ざんむ	/nippakɯ zaɴmɯ/	日白 残无	日白 殘無	ㄖˋ ㄅㄞˊ ㄘㄢˊ ㄨˊ	日白 残無	
147	锦上京	Jǐnshàngjīng	[tɕǐn ʂàŋ tɕīŋ]	錦上京	ㄐㄧㄣˇ ㄕㄤˋ ㄐㄧㄥ	Jǐnshàngjīng	[tɕǐn ʂàŋ tɕīŋ]	錦上京	Kinjyoukyou	きんじょうきょう	/kiɴdʑoːkʲoː/	锦上京	錦上京	ㄐㄧㄣˇ ㄕㄤˋ ㄐㄧㄥ	錦上京	TRUE
148	尘塚姥芽	Chénzhǒng Mǔyá	[ʈʂʰə́n ʈʂʊ̌ŋ mǔ já]	塵塚姥芽	ㄔㄣˊ ㄓㄨㄥˇ ㄇㄨˇ ㄧㄚˊ	Chénjhǒng Mǔyá	[ʈʂʰə́n ʈʂʊ̌ŋ mǔ já]	塵塚ウバメ	Chirizuka Ubame	ちりづか うばめ	/tɕiɾidzɯka ɯbame/	尘塚 姥芽	塵塚 姥芽	ㄔㄣˊ ㄓㄨㄥˇ ㄇㄨˇ ㄧㄚˊ	塵塚 ウバメ	
149	封兽魑魅	Fēngshòu Chīmèi	[fə̄ŋ ʂòu ʈʂʰɻ̩̄ mèi]	封獸魑魅	ㄈㄥ ㄕㄡˋ ㄔ ㄇㄟˋ	Fōngshòu Chīhmèi	[fə̄ŋ ʂòu ʈʂʰɻ̩̄ mèi]	封獣チミ	Houjuu Chimi	ほうじゅう ちみ	/hoːdʑɯː tɕimi/	封兽 魑魅	封獸 魑魅	ㄈㄥ ㄕㄡˋ ㄔ ㄇㄟˋ	封獣 チミ	
150	道神驯子	Dàoshén Xùnzǐ	[tàu ʂə́n ɕỳn tsɹ̩̌]	道神馴子	ㄉㄠˋ ㄕㄣˊ ㄒㄩㄣˊ ㄗˇ	Dàoshén Syúnzǐh	[tàu ʂə́n ɕýn tsɹ̩̌]	道神馴子	Michigami Nareko	みちがみ なれこ	/mitɕigami naɾeko/	道神 驯子	道神 馴子	ㄉㄠˋ ㄕㄣˊ ㄒㄩㄣˊ ㄗˇ	道神 馴子	
151	维缦·浅间	Wéimàn Qiǎnjiān	[wéi màn tɕʰjɛ̌n tɕjɛ̄n]	維縵·淺間	ㄨㄟˊ ㄇㄢˋ  ㄑㄧㄢˇ ㄐㄧㄢ	Wéimàn Ciǎnjiān	[wéi màn tɕʰjɛ̌n tɕjɛ̄n]	ユイマン・浅間	Yuiman Asama	ゆいまん あさま	/jɯimaɴ asama/	维缦·浅间	維縵·淺間	ㄨㄟˊ ㄇㄢˋ  ㄑㄧㄢˇ ㄐㄧㄢ	ユイマン・\n浅間	
152	磐永阿梨夜	Pányǒng Ālíyè	[pʰán jʊ̌ŋ ā lí jè]	磐永阿梨夜	ㄆㄢˊ ㄩㄥˇ ㄚ ㄌㄧˊ ㄧㄝˋ	Pányǒng Ālíyè	[pʰán jʊ̌ŋ ā lí jè]	磐永阿梨夜	Iwanaga Ariya	いわなが ありや	/iwanaga aɾija/	磐永 阿梨夜	磐永 阿梨夜	ㄆㄢˊ ㄩㄥˇ ㄚ ㄌㄧˊ ㄧㄝˋ	磐永 阿梨夜	
153	渡里妮娜	Dùlǐ Nīnà	[tù lǐ nī nà]	渡里妮娜	ㄉㄨˋ ㄌㄧˇ ㄋㄧˊ ㄋㄚˋ	Dùlǐ Nínà	[tù lǐ ní nà]	渡里ニナ	Watari Nina	わたり にな	/wataɾi nina/	渡里 妮娜	渡里 妮娜	ㄉㄨˋ ㄌㄧˇ ㄋㄧˊ ㄋㄚˋ	渡里 ニナ	
154	香霖堂	Xiānglíntáng	[ɕjāŋ lín tʰáŋ]	香霖堂	ㄒㄧㄤ ㄌㄧㄣˊ ㄊㄤˊ	Siānglíntáng	[ɕjāŋ lín tʰáŋ]	香霖堂	Kourindou	こうりんどう	/koːɾiɴdoː/	香霖堂	香霖堂	ㄒㄧㄤ ㄌㄧㄣˊ ㄊㄤˊ	香霖堂	TRUE
155	森近霖之助	Sēnjìn Línzhīzhù	[sə̄n tɕìn lín ʈʂɻ̩̄ ʈʂù]	森近霖之助	ㄙㄣ ㄐㄧㄣˋ ㄌㄧㄣˊ ㄓ ㄓㄨˋ	Sēnjìn Línjhīhjhù	[sə̄n tɕìn lín ʈʂɻ̩̄ ʈʂù]	森近霖之助	Morichika Rinnosuke	もりちか りんのすけ	/moɾitɕi̥ka ɾiɴnosɯ̥ke/	森近 霖之助	森近 霖之助	ㄙㄣ ㄐㄧㄣˋ ㄌㄧㄣˊ ㄓ ㄓㄨˋ	森近 霖之助	
156	朱鹭子	Zhūlùzǐ	[ʈʂū lù tsɹ̩̌]	朱鷺子	ㄓㄨ ㄌㄨˋ ㄗˇ	Jhūlùzǐh	[ʈʂū lù tsɹ̩̌]	朱鷺子	Tokiko	ときこ	/toki̥ko/	朱鹭子	朱鷺子	ㄓㄨ ㄌㄨˋ ㄗˇ	朱鷺子	
157	无名的读书妖怪	Wúmíng de Dúshū Yāoguài	[ú míŋ tə tú ʂū jāu kwài]	無名的讀書妖怪	ㄨˊ ㄇㄧㄥˊ ˙ㄉㄜ ㄉㄨˊ ㄕㄨ ㄧㄠ ㄍㄨㄞˋ	Wúmíng de Dúshū Yāoguài	[ú míŋ tə tú ʂū jāu kwài]	名無しの本読み妖怪	Nanashi no Honnyomi Youkai	ななし の ほんよみ ようかい	/nanaɕi no hoɴjomi joːkai/	无名的\n读书妖怪	無名的\n讀書妖怪	ㄨˊ ㄇㄧㄥˊ ˙ㄉㄜ \nㄉㄨˊ ㄕㄨ ㄧㄠ ㄍㄨㄞˋ	名無しの\n本読み妖怪 	
158	儚月抄	Mèngyuèchāo	[mə̀ŋ ɥè ʈʂʰāu]	儚月抄	ㄇㄥˋ ㄩㄝˋ ㄔㄠ	Mèngyuèchāo	[mə̀ŋ ɥè ʈʂʰāu]	儚月抄	Bougetsushou	ぼうげつしょう	/boːgetsɯ̥ɕoː/	儚月抄	儚月抄	ㄇㄥˋ ㄩㄝˋ ㄔㄠ	儚月抄	TRUE
159	铃仙二号	Língxiān Èrhào	[líŋ ɕjɛ̄n ɚ̀ xàu]	鈴仙二號	ㄌㄧㄥˊ ㄒㄧㄢ ㄦˋ ㄏㄠˋ	Língsiān Èrhào	[líŋ ɕjɛ̄n ɚ̀ xàu]	レイセン	Reisen II	れいせん	/ɾeːseɴ/	铃仙二号	鈴仙二號	ㄌㄧㄥˊ ㄒㄧㄢ ㄦˋ ㄏㄠˋ	レイセン	
159	泠仙	Língxiān	[líŋ ɕjɛ̄n]	泠仙	ㄌㄧㄥˊ ㄒㄧㄢ	Língsiān	[líŋ ɕjɛ̄n]	レイセン	Reisen II	れいせん	/ɾeːseɴ/	泠仙	泠仙	ㄌㄧㄥˊ ㄒㄧㄢ	レイセン	
160	绵月依姬	Miányuè Yījī	[mjɛ́n ɥè ī tɕī]	綿月依姬	ㄇㄧㄢˊ ㄩㄝˋ ㄧ ㄐㄧ	Miányuè Yījī	[mjɛ́n ɥè ī tɕī]	綿月依姫	Watatsuki no Yorihime	わたつき の よりひめ	/watatsɯ̥ki no joɾiçime/	绵月 依姬	綿月 依姬	ㄇㄧㄢˊ ㄩㄝˋ ㄧ ㄐㄧ	綿月 依姫	
161	绵月丰姬	Miányuè Fēngjī	[mjɛ́n ɥè fə̄ŋ tɕī]	綿月豐姬	ㄇㄧㄢˊ ㄩㄝˋ ㄈㄥ ㄐㄧ	Miányuè Fōngjī	[mjɛ́n ɥè fə̄ŋ tɕī]	綿月豊姫	Watatsuki no Toyohime	わたつき の とよひめ	/watatsɯ̥ki no tojoçime/	绵月 丰姬	綿月 豐姬	ㄇㄧㄢˊ ㄩㄝˋ ㄈㄥ ㄐㄧ	綿月 豊姫	
162	嫦娥	Cháng'é	[ʈʂʰáŋ ɤ́]	嫦娥	ㄔㄤˊ ㄜˊ	Cháng'é	[ʈʂʰáŋ ɤ́]	嫦娥	Jouga	じょうが	/dʑoːga/	嫦娥	嫦娥	ㄔㄤˊ ㄜˊ	嫦娥	
163	三月精	Sānyuèjīng	[sān ɥè tɕīŋ]	三月精	ㄙㄢ ㄩㄝˋ ㄐㄧㄥ	Sānyuèjīng	[sān ɥè tɕīŋ]	三月精	Sangetsusei	さんげつせい	/saɴgetsɯ̥seː/	三月精	三月精	ㄙㄢ ㄩㄝˋ ㄐㄧㄥ	三月精	TRUE
164	桑尼米尔克	Sāngní Mǐ'ěrkè	[sāŋ ní mǐ ɚ̌ kʰɤ̀]	桑尼米爾克	ㄙㄤ ㄋㄧˊ ㄇㄧˇ ㄦˇ ㄎㄜˋ	Sāngní Mǐ'ěrkè	[sāŋ ní mǐ ɚ̌ kʰɤ̀]	サニーミルク	Sunny Milk	さにーみるく	/saniːmiɾɯkɯ/	桑尼米尔克	桑尼米爾克	ㄙㄤ ㄋㄧˊ ㄇㄧˇ ㄦˇ ㄎㄜˋ	サニー\nミルク	
164	桑妮米尔克	Sāngnī Mǐ'ěrkè	[sāŋ nī mǐ ɚ̌ kʰɤ̀]	桑妮米爾克	ㄙㄤ ㄋㄧ ㄇㄧˇ ㄦˇ ㄎㄜˋ	Sāngnī Mǐ'ěrkè	[sāŋ nī mǐ ɚ̌ kʰɤ̀]	サニーミルク	Sunny Milk	さにーみるく	/saniːmiɾɯkɯ/	桑妮米尔克	桑妮米爾克	ㄙㄤ ㄋㄧ ㄇㄧˇ ㄦˇ ㄎㄜˋ	サニー\nミルク	
165	露娜切露德	Lùnà Qièlùdé	[lù nà tɕʰjè lù tɤ́]	露娜切露德	ㄌㄨˋ ㄋㄚˋ ㄑㄧㄝ ㄌㄨˋ ㄉㄜˊ	Lùnà Ciēlùdé	[lù nà tɕʰjē lù tɤ́]	ルナチャイルド	Luna Child	るなちゃいるど	/ɾɯnatɕaiɾɯdo/	露娜切露德	露娜切露德	ㄌㄨˋ ㄋㄚˋ ㄑㄧㄝ ㄌㄨˋ ㄉㄜˊ	ルナ\nチャイルド	
165	露娜切云德	Lùnà Qièyúndé	[lù nà tɕʰjè ýn tɤ́]	露娜切雲德	ㄌㄨˋ ㄋㄚˋ ㄑㄧㄝ ㄩㄣˊ ㄉㄜˊ	Lùnà Ciēyúndé	[lù nà tɕʰjē ýn tɤ́]	ルナチャイルド	Luna Child	るなちゃいるど	/ɾɯnatɕaiɾɯdo/	露娜切云德	露娜切雲德	ㄌㄨˋ ㄋㄚˋ ㄑㄧㄝ ㄩㄣˊ ㄉㄜˊ	ルナ\nチャイルド	
165	露娜柴尔德	Lùnà Chái'ěrdé	[lù nà ʈʂʰái ɚ̌ tɤ́]	露娜柴爾德	ㄌㄨˋ ㄋㄚˋ ㄔㄞˊ ㄦˇ ㄉㄜˊ	Lùnà Chái'ěrdé	[lù nà ʈʂʰái ɚ̌ tɤ́]	ルナチャイルド	Luna Child	るなちゃいるど	/ɾɯnatɕaiɾɯdo/	露娜柴尔德	露娜柴爾德	ㄌㄨˋ ㄋㄚˋ ㄔㄞˊ ㄦˇ ㄉㄜˊ	ルナ\nチャイルド	
166	斯塔萨菲雅	Sītǎ Sàfēiyǎ	[sɹ̩̄ tʰǎ sà fēi jǎ]	斯塔薩菲雅	ㄙ ㄊㄚˇ ㄙㄚˋ ㄈㄟ ㄧㄚˇ	Sīhtǎ Sàfēiyǎ	[sɹ̩̄ tʰǎ sà fēi jǎ]	スターサファイア	Star Sapphire	すたーさふぁいあ	/sɯ̥taːsaɸaia/	斯塔萨菲雅	斯塔薩菲雅	ㄙ ㄊㄚˇ ㄙㄚˋ ㄈㄟ ㄧㄚˇ	スター\nサファイア	
166	斯塔萨菲娅	Sītǎ Sàfēiyà	[sɹ̩̄ tʰǎ sà fēi jà]	斯塔薩菲婭	ㄙ ㄊㄚˇ ㄙㄚˋ ㄈㄟ ㄧㄚˋ	Sīhtǎ Sàfēiyà	[sɹ̩̄ tʰǎ sà fēi jà]	スターサファイア	Star Sapphire	すたーさふぁいあ	/sɯ̥taːsaɸaia/	斯塔萨菲娅	斯塔薩菲婭	ㄙ ㄊㄚˇ ㄙㄚˋ ㄈㄟ ㄧㄚˋ	スター\nサファイア	
167	茨歌仙	Cígēxiān	[tsʰɹ̩́ kɤ̄ ɕjɛ̄n]	茨歌仙	ㄘˊ ㄍㄜ ㄒㄧㄢ	Cíhgēsiān	[tsʰɹ̩́ kɤ̄ ɕjɛ̄n]	茨歌仙	Ibarakasen	いばらかせん	/ibaɾakaseɴ/	茨歌仙	茨歌仙	ㄘˊ ㄍㄜ ㄒㄧㄢ	茨歌仙	TRUE
168	茨木华扇	Címù Huáshàn	[tsʰɹ̩́ mù xwá ʂàn]	茨木華扇	ㄘˊ ㄇㄨˋ ㄏㄨㄚˊ ㄕㄢˋ	Cíhmù Huáshàn	[tsʰɹ̩́ mù xwá ʂàn]	茨木華扇	Ibaraki Kasen	いばらき かせん	/ibaɾaki kaseɴ/	茨木 华扇	茨木 華扇	ㄘˊ ㄇㄨˋ ㄏㄨㄚˊ ㄕㄢˋ	茨木 華扇	
168	茨华仙	Cí Huáxiān	[tsʰɹ̩́ xwá ɕjɛ̄n]	茨華仙	ㄘˊ ㄏㄨㄚˊ ㄒㄧㄢ	Cíh Huásiān	[tsʰɹ̩́ xwá ɕjɛ̄n]	茨木華扇	Ibaraki Kasen	いばらき かせん	/ibaɾaki kaseɴ/	茨华仙	茨華仙	ㄘˊ ㄏㄨㄚˊ ㄒㄧㄢ	茨木 華扇	
169	茨木童子之臂	Címù Tóngzǐ zhī Bì	[tsʰɹ̩́ mù tʰʊ́ŋ tsɹ̩̌ ʈʂɻ̩̄ pì]	茨木童子之臂	ㄘˊ ㄇㄨˋ ㄊㄨㄥˊ ㄗˇ ㄓ ㄅㄧˋ	Cíhmù Tóngzǐh jhīh Bì	[tsʰɹ̩́ mù tʰʊ́ŋ tsɹ̩̌ ʈʂɻ̩̄ pì]	茨木童子の腕	Ibaraki-dōji's Arm	いばらきどうじ の うで	/ibaɾakidoːdʑi no ɯde/	茨木童子之臂	茨木童子之臂	ㄘˊ ㄇㄨˋ ㄊㄨㄥˊ ㄗˇ ㄓ ㄅㄧˋ	茨木童子の腕	
170	铃奈庵	Língnài'ān	[líŋ nài ān]	鈴奈庵	ㄌㄧㄥˊ ㄋㄞˋ ㄢ	Língnài'ān	[líŋ nài ān]	鈴奈庵	Suzuunaan	すずなあん	/sɯzɯnaːɴ/	铃奈庵	鈴奈庵	ㄌㄧㄥˊ ㄋㄞˋ ㄢ	鈴奈庵	TRUE
171	本居小铃	Běnjū Xiǎolíng	[pə̌n tɕȳ ɕjǎu líŋ]	本居小鈴	ㄅㄣˇ ㄐㄩ ㄒㄧㄠˇ ㄌㄧㄥˊ	Běnjyū Siǎolíng	[pə̌n tɕȳ ɕjǎu líŋ]	本居小鈴	Motoori Kosuzu	もとおり こすず	/motoːɾi kosɯzɯ/	本居 小铃	本居 小鈴	ㄅㄣˇ ㄐㄩ ㄒㄧㄠˇ ㄌㄧㄥˊ	本居 小鈴	
172	易者	Yìzhě	[ì ʈʂɤ̌]	易者	ㄧˋ ㄓㄜˇ	Yìjhě	[ì ʈʂɤ̌]	易者	Ekisha	えきしゃ	/eki̥ɕa/	易者	易者	ㄧˋ ㄓㄜˇ	易者	
173	醉蝶华	Zuìdiéhuá	[tswèi tjé xwá]	醉蝶華	ㄗㄨㄟˋ ㄉㄧㄝˊ ㄏㄨㄚˊ	Zuèidiéhuá	[tswèi tjé xwá]	酔蝶華	Suichouka	すいちょうか	/sɯitɕoːka/	醉蝶华	醉蝶華	ㄗㄨㄟˋ ㄉㄧㄝˊ ㄏㄨㄚˊ	酔蝶華	TRUE
174	奥野田美宵	Àoyětián Měixiāo	[àu jě tʰjɛ́n měi ɕjāu]	奧野田美宵	ㄠˋ ㄧㄝˇ ㄊㄧㄢˊ ㄇㄟˇ ㄒㄧㄠ	Àoyětián Měisiāo	[àu jě tʰjɛ́n měi ɕjāu]	奥野田美宵	Okunoda Miyoi	おくのだ みよい	/okɯnoda mijoi/	奥野田 美宵	奧野田 美宵	ㄠˋ ㄧㄝˇ ㄊㄧㄢˊ ㄇㄟˇ ㄒㄧㄠ	奥野田 美宵	
175	智灵奇传	Zhìlíngqízhuàn	[ʈʂɻ̩̀ líŋ tɕʰí ʈʂwàn]	智靈奇傳	ㄓˋ ㄌㄧㄥˊ ㄑㄧˊ ㄓㄨㄢˋ	Jhìhlíngcíjhuàn	[ʈʂɻ̩̀ líŋ tɕʰí ʈʂwàn]	智霊奇伝	Chireikiden	ちれいきでん	/tɕiɾeːkideɴ/	智灵奇传	智靈奇傳	ㄓˋ ㄌㄧㄥˊ ㄑㄧˊ ㄓㄨㄢˋ	智霊奇伝	TRUE
176	犯规侦探觉	Fànguī Zhēntàn Jué	[fàn kwēi ʈʂə̄n tʰàn tɕɥé]	犯規偵探悟	ㄈㄢˋ ㄍㄨㄟ ㄓㄣ ㄊㄢˋ ㄨˋ	Fànguēi Jhēntàn Wù	[fàn kwēi ʈʂə̄n tʰàn ù]	反則探偵さとり	Hansoku Tantei Satori	はんそくたんてい さとり	/haɴsokɯ̥taɴteː satoɾi/	犯规侦探 觉	犯規偵探 悟	ㄈㄢˋ ㄍㄨㄟ ㄓㄣ ㄊㄢˋ ㄨˋ	反則探偵さとり	TRUE
177	宫出口瑞灵	Gōngchūkǒu Ruìlíng	[kʊ̄ŋ ʈʂʰū kʰǒu ʐwèi líŋ]	宮出口瑞靈	ㄍㄨㄥ ㄔㄨ ㄎㄡˇ ㄖㄨㄟˋ ㄌㄧㄥˊ	Gōngchūkǒu Ruèilíng	[kʊ̄ŋ ʈʂʰū kʰǒu ʐwèi líŋ]	宮出口瑞霊	Miyadeguchi Mizuchi	みやでぐち みずち	/mijadegɯtɕi mizɯtɕi/	宫出口 瑞灵	宮出口 瑞靈	ㄍㄨㄥ ㄔㄨ ㄎㄡˇ \nㄖㄨㄟˋ ㄌㄧㄥˊ	宮出口 瑞霊	
178	求闻史纪	Qiúwén Shǐjì	[tɕʰjóu wə́n ʂɻ̩̌ tɕì]	求聞史紀	ㄑㄧㄡˊ ㄨㄣˊ ㄕˇ ㄐㄧˋ	Cióuwún Shǐhjì	[tɕʰjóu wə́n ʂɻ̩̌ tɕì]	求聞史紀	Gumon Shiki	ぐもんしき	/gɯmoɴɕi̥ki/	求闻史纪	求聞史紀	ㄑㄧㄡˊ ㄨㄣˊ ㄕˇ ㄐㄧˋ	求聞史紀	TRUE
179	稗田阿求	Bàitián Āqiú	[pài tʰjɛ́n ā tɕʰjóu]	稗田阿求	ㄅㄞˋ ㄊㄧㄢˊ ㄚ ㄑㄧㄡˊ	Bàitián Ācióu	[pài tʰjɛ́n ā tɕʰjóu]	稗田阿求	Heida no Akyuu	ひえだ の あきゅう	/çieda no akʲɯː/	稗田 阿求	稗田 阿求	ㄅㄞˋ ㄊㄧㄢˊ ㄚ ㄑㄧㄡˊ	稗田 阿求	
180	求闻口授	Qiúwén Kǒushòu	[tɕʰjóu wə́n kʰǒu ʂòu]	求聞口授	ㄑㄧㄡˊ ㄨㄣˊ ㄎㄡˇ ㄕㄡˋ	Cióuwún Kǒushòu	[tɕʰjóu wə́n kʰǒu ʂòu]	求聞口授	Gumon Kuju	ぐもんくじゅ	/gɯmoɴkɯdʑɯ/	求闻口授	求聞口授	ㄑㄧㄡˊ ㄨㄣˊ ㄎㄡˇ ㄕㄡˋ	求聞口授	TRUE
181	文果真报	Wénguǒ Zhēnbào	[wə́n kwǒ ʈʂə̄n pàu]	文果真報	ㄨㄣˊ ㄍㄨㄛˇ ㄓㄣ ㄅㄠˋ	Wúnguǒ Jhēnbào	[wə́n kwǒ ʈʂə̄n pàu]	文果真報	Bunka Shinpou	ぶんかしんぽう	/bɯɴkaɕiɴpoː/	文果真报	文果真報	ㄨㄣˊ ㄍㄨㄛˇ ㄓㄣ ㄅㄠˋ	文果真報	TRUE
182	幻存神签	Huàncún Shénqiān	[xwàn tsʰwə́n ʂə́n tɕʰjɛ̄n]	幻存神籤	ㄏㄨㄢˋ ㄘㄨㄣˊ ㄕㄣˊ ㄑㄧㄢ	Huàncún Shénciān	[xwàn tsʰwə́n ʂə́n tɕʰjɛ̄n]	幻存神籤	Genzonmikuji	げんぞんみくじ	/geɴzoɴmikɯdʑi/	幻存神签	幻存神籤	ㄏㄨㄢˋ ㄘㄨㄣˊ ㄕㄣˊ ㄑㄧㄢ	幻存神籤	TRUE
183	幺乐团的历史	Yāoyuètuán de Lìshǐ	[jāu ɥè tʰwán tə lì ʂɻ̩̌]	幺樂團的歷史	ㄧㄠ ㄩㄝˋ ㄊㄨㄢˊ ˙ㄉㄜ ㄌㄧˋ ㄕˇ	Yāoyuètuán de Lìshǐh	[jāu ɥè tʰwán tə lì ʂɻ̩̌]	幺樂団の歴史	Yougakudan no Rekishi	ようがくだん の れきし	/joːgakɯdaɴ no ɾeki̥ɕi/	幺乐团的历史	幺樂團的歷史	ㄧㄠ ㄩㄝˋ ㄊㄨㄢˊ \n˙ㄉㄜ ㄌㄧˋ ㄕˇ	幺樂団の\n歴史	TRUE
184	蓬莱人形	Pénglái Rénxíng	[pʰə́ŋ lái ʐə́n ɕíŋ]	蓬萊人形	ㄆㄥˊ ㄌㄞˊ ㄖㄣˊ ㄒㄧㄥˊ	Pénglái Rénsíng	[pʰə́ŋ lái ʐə́n ɕíŋ]	蓬莱人形	Hourai Ningyou	ほうらいにんぎょう	/hoːɾainiɴgʲoː/	蓬莱人形	蓬萊人形	ㄆㄥˊ ㄌㄞˊ ㄖㄣˊ ㄒㄧㄥˊ	蓬莱人形	TRUE
185	莲台野夜行	Liántáiyě Yèxíng	[ljɛ́n tʰái jě jè ɕíŋ]	蓮台野夜行	ㄌㄧㄢˊ ㄊㄞˊ ㄧㄝˇ ㄧㄝˋ ㄒㄧㄥˊ	Liántáiyě Yèsíng	[ljɛ́n tʰái jě jè ɕíŋ]	蓮台野夜行	Rendaino Yakou	れんだいのやこう	/ɾeɴdainojakoː/	莲台野夜行	蓮台野夜行	ㄌㄧㄢˊ ㄊㄞˊ ㄧㄝˇ \nㄧㄝˋ ㄒㄧㄥˊ	蓮台野夜行	TRUE
186	宇佐见莲子	Yǔzuǒjiàn Liánzǐ	[y̌ tswǒ tɕjɛ̀n ljɛ́n tsɹ̩̌]	宇佐見蓮子	ㄩˇ ㄗㄨㄛˇ ㄐㄧㄢˋ ㄌㄧㄢˊ ㄗˇ	Yǔzuǒjiàn Liánzǐh	[y̌ tswǒ tɕjɛ̀n ljɛ́n tsɹ̩̌]	宇佐見蓮子	Usami Renko	うさみ れんこ	/ɯsami ɾeɴko/	宇佐见 莲子	宇佐見 蓮子	ㄩˇ ㄗㄨㄛˇ ㄐㄧㄢˋ ㄌㄧㄢˊ ㄗˇ	宇佐見 蓮子	
187	玛艾露贝莉·赫恩	Mǎ'àilùbèilì Hè'ēn	[mǎ ài lù pèi lì xɤ̀ ə̄n]	瑪艾露貝莉·赫恩	ㄇㄚˇ ㄞˋ ㄌㄨˋ ㄅㄟˋ ㄌㄧˋ ㄏㄜˋ ㄣ	Mǎ'àilùbèilì Hè'ēn	[mǎ ài lù pèi lì xɤ̀ ə̄n]	マエリベリー・ハーン	Maribel Hearn	まえりべりー はーん	/maeɾibeɾiː haːɴ/	玛艾露贝莉\n·赫恩	瑪艾露貝莉\n·赫恩	ㄇㄚˇ ㄞˋ ㄌㄨˋ ㄅㄟˋ ㄌㄧˋ \nㄏㄜˋ ㄣ	マエリベリー\n・ハーン	
188	梅莉	Méilì	[méi lì]	梅莉	ㄇㄟˊ ㄌㄧˋ	Méilì	[méi lì]	メリー	Merry?/Mary?	めりー	/meɾiː/	梅莉	梅莉	ㄇㄟˊ ㄌㄧˋ	メリー	
189	梦违科学世纪	Mèngwéi Kēxué Shìjì	[mə̀ŋ wéi kʰɤ̄ ɕɥé ʂɻ̩̀ tɕì]	夢違科學世紀	ㄇㄥˋ ㄨㄟˊ ㄎㄜ ㄒㄩㄝˊ ㄕˋ ㄐㄧˋ	Mèngwéi Kēsyué Shìhjì	[mə̀ŋ wéi kʰɤ̄ ɕɥé ʂɻ̩̀ tɕì]	夢違科学世紀	Yumetagae Kagakuseiki	ゆめたがえかがくせいき	/jɯmetagaekagakɯ̥seːki/	梦违科学世纪	夢違科學世紀	ㄇㄥˋ ㄨㄟˊ \nㄎㄜ ㄒㄩㄝˊ ㄕˋ ㄐㄧˋ	夢違科学世紀	TRUE
190	卯酉东海道	Mǎoyǒu Dōnghǎidào	[mǎu jǒu tʊ̄ŋ xǎi tàu]	卯酉東海道	ㄇㄠˇ ㄧㄡˇ ㄉㄨㄥ ㄏㄞˇ ㄉㄠˋ	Mǎoyǒu Dōnghǎidào	[mǎu jǒu tʊ̄ŋ xǎi tàu]	卯酉東海道	Bouyu Toukaidou	ぼうゆうとうかいどう	/boːjɯːtoːkaidoː/	卯酉东海道	卯酉東海道	ㄇㄠˇ ㄧㄡˇ ㄉㄨㄥ ㄏㄞˇ ㄉㄠˋ	卯酉東海道	TRUE
191	大空魔术	Dàkōng Móshù	[tà kʰʊ̄ŋ mwó ʂù]	大空魔術	ㄉㄚˋ ㄎㄨㄥ ㄇㄛˊ ㄕㄨˋ	Dàkōng Móshù	[tà kʰʊ̄ŋ mwó ʂù]	大空魔術	Oozora Majutsu	おおぞらまじゅつ	/oːzoɾamadʑɯtsɯ/	大空魔术	大空魔術	ㄉㄚˋ ㄎㄨㄥ ㄇㄛˊ ㄕㄨˋ	大空魔術	TRUE
192	未知之花 魅知之旅	Wèizhī zhī Huā Mèizhī zhī Lǚ	[wèi ʈʂɻ̩̄ ʈʂɻ̩̄ xwā mèi ʈʂɻ̩̄ ʈʂɻ̩̄ ly̌]	未知之花 魅知之旅	ㄨㄟˋ ㄓ ㄓ ㄏㄨㄚ ㄇㄟˋ ㄓ ㄓ ㄌㄩˇ	Wèijhīh jhīh Huā Mèijhīh jhīh Lyǔ	[wèi ʈʂɻ̩̄ ʈʂɻ̩̄ xwā mèi ʈʂɻ̩̄ ʈʂɻ̩̄ ly̌]	未知の花 魅知の旅	Michi no Hana, Michi no Tabi	みちのはな みちのたび	/mitɕinohana mitɕinotabi/	未知之花 \n魅知之旅	未知之花 \n魅知之旅	ㄨㄟˋ ㄓ ㄓ ㄏㄨㄚ \nㄇㄟˋ ㄓ ㄓ ㄌㄩˇ	未知の花 \n魅知の旅	TRUE
193	鸟船遗迹	Niǎochuán Yíjì	[njǎu ʈʂʰwán í tɕì]	鳥船遺蹟	ㄋㄧㄠˇ ㄔㄨㄢˊ ㄧˊ ㄐㄧ	Niǎochuán Yíjī	[njǎu ʈʂʰwán í tɕī]	鳥船遺跡	Torifune Iseki	とりふねいせき	/toɾiɸɯneːseki/	鸟船遗迹	鳥船遺蹟	ㄋㄧㄠˇ ㄔㄨㄢˊ ㄧˊ ㄐㄧ	鳥船遺跡	TRUE
194	伊奘诺物质	Yīzàngnuò Wùzhì	[ī tsàŋ nwò ù ʈʂɻ̩̀]	伊奘諾物質	ㄧ ㄗㄤˋ ㄋㄨㄛˋ ㄨˋ ㄓˊ	Yīzàngnuò Wùjhíh	[ī tsàŋ nwò ù ʈʂɻ̩́]	伊弉諾物質	Izanagi Busshitsu	いざなぎぶっしつ	/izanagibɯɕɕi̥tsɯ/	伊奘诺物质	伊奘諾物質	ㄧ ㄗㄤˋ ㄋㄨㄛˋ ㄨˋ ㄓˊ	伊弉諾物質	TRUE
195	燕石博物志	Yānshí Bówùzhì	[jɛ̄n ʂɻ̩́ pwó ù ʈʂɻ̩̀]	燕石博物志	ㄧㄢ ㄕˊ ㄅㄛˊ ㄨˋ ㄓˋ	Yānshíh Bówùjhìh	[jɛ̄n ʂɻ̩́ pwó ù ʈʂɻ̩̀]	燕石博物誌	Enseki Hakubutsushi	えんせきはくぶつし	/eɴseki̥hakɯbɯtsɯ̥ɕi/	燕石博物志	燕石博物志	ㄧㄢ ㄕˊ ㄅㄛˊ ㄨˋ ㄓˋ	燕石博物誌	TRUE
196	旧约酒馆	Jiùyuē Jiǔguǎn	[tɕjòu ɥē tɕjǒu kwǎn]	舊約酒場	ㄐㄧㄡˋ ㄩㄝ ㄐㄧㄡˇ ㄔㄤˇ	Jiòuyuē Jiǒuchǎng	[tɕjòu ɥē tɕjǒu ʈʂʰǎŋ]	旧約酒場	Kyuuyaku Sakaba	きゅうやくさかば	/kʲɯːjakɯ̥sakaba/	旧约酒馆	舊約酒場	ㄐㄧㄡˋ ㄩㄝ ㄐㄧㄡˇ ㄔㄤˇ	旧約酒場	TRUE
197	虹色的北斗七星	Hóngsè de Běidǒu Qīxīng	[xʊ́ŋ sɤ̀ tə pěi tǒu tɕʰī ɕīŋ]	虹色的北斗七星	ㄏㄨㄥˊ ㄙㄜˋ ˙ㄉㄜ ㄅㄟˇ ㄉㄡˇ ㄑㄧ ㄒㄧㄥ	Hóngsè de Běidǒu Cīsīng	[xʊ́ŋ sɤ̀ tə pěi tǒu tɕʰī ɕīŋ]	虹色のセプテントリオン	Nijiiro no Seputentorion	にじいろ の せぷてんとりおん	/nidʑiːɾo no sepɯ̥teɴtoɾioɴ/	虹色的\n北斗七星	虹色的\n北斗七星	ㄏㄨㄥˊ ㄙㄜˋ ˙ㄉㄜ \nㄅㄟˇ ㄉㄡˇ ㄑㄧ ㄒㄧㄥ	虹色の\nセプテン\nトリオン	TRUE
198	七夕坂梦幻能	Qīxī bǎn Mènghuànnéng	[tɕʰī ɕī pǎn mə̀ŋ xwàn nə́ŋ]	七夕坂夢幻能	ㄑㄧ ㄒㄧˋ ㄅㄢˇ ㄇㄥˋ ㄏㄨㄢˋ ㄋㄥˊ	Cīsì bǎn Mènghuànnéng	[tɕʰī ɕì pǎn mə̀ŋ xwàn nə́ŋ]	七夕坂夢幻能	Tanabatazaka Mugen Nou	たなばたざかむげんのう	/tanabatazakamɯgeɴnoː/	七夕坂梦幻能	七夕坂夢幻能	ㄑㄧ ㄒㄧˋ ㄅㄢˇ ㄇㄥˋ ㄏㄨㄢˋ ㄋㄥˊ	七夕坂夢幻能	TRUE
199	灵异传	Língyìzhuàn	[líŋ ì ʈʂwàn]	靈異傳	ㄌㄧㄥˊ ㄧˋ ㄓㄨㄢˋ	Língyìjhuàn	[líŋ ì ʈʂwàn]	靈異伝	Reiiden	れいいでん	/ɾeːideɴ/	灵异传	靈異傳	ㄌㄧㄥˊ ㄧˋ ㄓㄨㄢˋ	靈異伝	TRUE
200	神玉	Shényù	[ʂə́n ỳ]	神玉	ㄕㄣˊ ㄩˋ	Shényù	[ʂə́n ỳ]	シンギョク	SinGyoku	しんぎょく	/ɕiɴgʲokɯ/	神玉	神玉	ㄕㄣˊ ㄩˋ	シンギョク	
201	幽玄魔眼	Yōuxuán Móyǎn	[jōu ɕɥɛ́n mwó jɛ̌n]	幽玄魔眼	ㄧㄡ ㄒㄩㄢˊ ㄇㄛˊ ㄧㄢˇ	Yōusyuán Móyǎn	[jōu ɕɥɛ́n mwó jɛ̌n]	ユウゲンマガン	YuugenMagan	ゆうげんまがん	/jɯːgeɴmagaɴ/	幽玄魔眼	幽玄魔眼	ㄧㄡ ㄒㄩㄢˊ ㄇㄛˊ ㄧㄢˇ	ユウゲンマガン	
202	依莉斯	Yīlìsī	[ī lì sɹ̩̄]	依莉斯	ㄧ ㄌㄧˋ ㄙ	Yīlìsīh	[ī lì sɹ̩̄]	エリス	Elis	えりす	/eɾisɯ̥/	依莉斯	依莉斯	ㄧ ㄌㄧˋ ㄙ	エリス	
203	萨丽爱尔	Sàlì'ài'ěr	[sà lì ài ɚ̌]	薩麗愛爾	ㄙㄚˋ ㄌㄧˋ ㄞˋ ㄦˇ	Sàlì'ài'ěr	[sà lì ài ɚ̌]	サリエル	Sariel	さりえる	/saɾieɾɯ/	萨丽爱尔	薩麗愛爾	ㄙㄚˋ ㄌㄧˋ ㄞˋ ㄦˇ	サリエル	
203	萨丽艾尔	Sàlì'ài'ěr	[sà lì ài ɚ̌]	薩麗艾爾	ㄙㄚˋ ㄌㄧˋ ㄞˋ ㄦˇ	Sàlì'ài'ěr	[sà lì ài ɚ̌]	サリエル	Sariel	さりえる	/saɾieɾɯ/	萨丽艾尔	薩麗艾爾	ㄙㄚˋ ㄌㄧˋ ㄞˋ ㄦˇ	サリエル	
204	魅魔	Mèimó	[mèi mwó]	魅魔	ㄇㄟˋ ㄇㄛˊ	Mèimó	[mèi mwó]	魅魔	Mima	みま	/mima/	魅魔	魅魔	ㄇㄟˋ ㄇㄛˊ	魅魔	
205	菊理	Júlǐ	[tɕý lǐ]	菊理	ㄐㄩˊ ㄌㄧˇ	Jyúlǐ	[tɕý lǐ]	キクリ	Kikuri	きくり	/ki̥kɯɾi/	菊理	菊理	ㄐㄩˊ ㄌㄧˇ	キクリ	
206	矜羯罗	Jīnjiéluó	[tɕīn tɕjé lwó]	矜羯羅	ㄐㄧㄣ ㄐㄧㄝˊ ㄌㄨㄛˊ	Jīnjiéluó	[tɕīn tɕjé lwó]	コンガラ	Konngara	こんがら	/koɴgaɾa/	矜羯罗	矜羯羅	ㄐㄧㄣ ㄐㄧㄝˊ ㄌㄨㄛˊ	コンガラ	
207	封魔录	Fēngmólù	[fə̄ŋ mwó lù]	封魔錄	ㄈㄥ ㄇㄛˊ ㄌㄨˋ	Fōngmólù	[fə̄ŋ mwó lù]	封魔録	Fuumaroku	ふうまろく	/ɸɯːmaɾokɯ/	封魔录	封魔錄	ㄈㄥ ㄇㄛˊ ㄌㄨˋ	封魔録	TRUE
208	玄爷	Xuányé	[ɕɥɛ́n jé]	玄爺	ㄒㄩㄢˊ ㄧㄝˊ	Syuányé	[ɕɥɛ́n jé]	玄爺	Genjii	げんじい	/geɴdʑiː/	玄爷	玄爺	ㄒㄩㄢˊ ㄧㄝˊ	玄爺	
209	里香	Lǐxiāng	[lǐ ɕjāŋ]	里香	ㄌㄧˇ ㄒㄧㄤ	Lǐsiāng	[lǐ ɕjāŋ]	里香	Rika	りか	/ɾika/	里香	里香	ㄌㄧˇ ㄒㄧㄤ	里香	
210	明罗	Míngluó	[míŋ lwó]	明羅	ㄇㄧㄥˊ ㄌㄨㄛˊ	Míngluó	[míŋ lwó]	明羅	Meira	めいら	/meːɾa/	明罗	明羅	ㄇㄧㄥˊ ㄌㄨㄛˊ	明羅	
211	梦时空	Mèngshíkōng	[mə̀ŋ ʂɻ̩́ kʰʊ̄ŋ]	夢時空	ㄇㄥˋ ㄕˊ ㄎㄨㄥ	Mèngshíhkōng	[mə̀ŋ ʂɻ̩́ kʰʊ̄ŋ]	夢時空	Yumejikuu	ゆめじくう	/jɯmedʑikɯː/	梦时空	夢時空	ㄇㄥˋ ㄕˊ ㄎㄨㄥ	夢時空	TRUE
212	爱莲	Àilián	[ài ljɛ́n]	愛蓮	ㄞˋ ㄌㄧㄢˊ	Àilián	[ài ljɛ́n]	エレン	Ellen	えれん	/eɾeɴ/	爱莲	愛蓮	ㄞˋ ㄌㄧㄢˊ	エレン	
213	小兔姬	Xiǎotùjī	[ɕjǎu tʰù tɕī]	小兔姬	ㄒㄧㄠˇ ㄊㄨˋ ㄐㄧ	Siǎotùjī	[ɕjǎu tʰù tɕī]	小兎姫	Kotohime	ことひめ	/kotoçime/	小兔姬	小兔姬	ㄒㄧㄠˇ ㄊㄨˋ ㄐㄧ	小兎姫	
214	卡娜·安娜贝拉尔	Kǎnà Ānnàbèilā'ěr	[kʰǎ nà ān nà pèi lā ɚ̌]	卡娜·安娜貝拉爾	ㄎㄚˇ ㄋㄚˋ ㄢ ㄋㄚˋ ㄅㄟˋ ㄌㄚ ㄦˇ	Kǎnà Ānnàbèilā'ěr	[kʰǎ nà ān nà pèi lā ɚ̌]	カナ・アナベラル	Kana Anaberal	かな あなべらる	/kana anabeɾaɾɯ/	卡娜·\n安娜贝拉尔	卡娜·\n安娜貝拉爾	ㄎㄚˇ ㄋㄚˋ \nㄢ ㄋㄚˋ ㄅㄟˋ ㄌㄚ ㄦˇ	カナ・\nアナベラル	
215	朝仓理香子	Cháocāng Lǐxiāngzǐ	[ʈʂʰáu tsʰāŋ lǐ ɕjāŋ tsɹ̩̌]	朝倉理香子	ㄔㄠˊ ㄘㄤ ㄌㄧˇ ㄒㄧㄤ ㄗˇ	Cháocāng Lǐsiāngzǐh	[ʈʂʰáu tsʰāŋ lǐ ɕjāŋ tsɹ̩̌]	朝倉理香子	Asakura Rikako	あさくら りかこ	/asakɯɾa ɾikako/	朝仓 理香子	朝倉 理香子	ㄔㄠˊ ㄘㄤ ㄌㄧˇ ㄒㄧㄤ ㄗˇ	朝倉 理香子	
216	北白河千百合	Běibáihé Qiānbǎihé	[pěi pái xɤ́ tɕʰjɛ̄n pǎi xɤ́]	北白河千百合	ㄅㄟˇ ㄅㄞˊ ㄏㄜˊ ㄑㄧㄢ ㄅㄞˇ ㄏㄜˊ	Běibáihé Ciānbǎihé	[pěi pái xɤ́ tɕʰjɛ̄n pǎi xɤ́]	北白河ちゆり	Kitashirakawa Chiyuri	きたしらかわ ちゆり	/ki̥taɕiɾakawa tɕijɯɾi/	北白河 千百合	北白河 千百合	ㄅㄟˇ ㄅㄞˊ ㄏㄜˊ \nㄑㄧㄢ ㄅㄞˇ ㄏㄜˊ	北白河 ちゆり	
217	冈崎梦美	Gāngqí Mèngměi	[kāŋ tɕʰí mə̀ŋ měi]	岡崎夢美	ㄍㄤ ㄑㄧˊ ㄇㄥˋ ㄇㄟˇ	Gāngcí Mèngměi	[kāŋ tɕʰí mə̀ŋ měi]	岡崎夢美	Okazaki Yumemi	おかざき ゆめみ	/okazaki jɯmemi/	冈崎 梦美	岡崎 夢美	ㄍㄤ ㄑㄧˊ ㄇㄥˋ ㄇㄟˇ	岡崎 夢美	
218	留琴	Liúqín	[ljóu tɕʰín]	留琴	ㄌㄧㄡˊ ㄑㄧㄣˊ	Lióucín	[ljóu tɕʰín]	る〜こと	Ruukoto	るーこと	/ɾɯːkoto/	留琴	留琴	ㄌㄧㄡˊ ㄑㄧㄣˊ	る〜こと	
218	露柯特	Lùkētè	[lù kʰɤ̄ tʰɤ̀]	露柯特	ㄌㄨˋ ㄎㄜ ㄊㄜˋ	Lùkētè	[lù kʰɤ̄ tʰɤ̀]	る〜こと	Ruukoto	るーこと	/ɾɯːkoto/	露柯特	露柯特	ㄌㄨˋ ㄎㄜ ㄊㄜˋ	る〜こと	
219	咪咪号	Mīmīhào	[mī mī xàu]	咪咪號	ㄇㄧ ㄇㄧ ㄏㄠˋ	Mīmīhào	[mī mī xàu]	ミミちゃん	Mimi-chan	みみちゃん	/mimitɕaɴ/	咪咪号	咪咪號	ㄇㄧ ㄇㄧ ㄏㄠˋ	ミミちゃん	
220	玛露奇	Mǎlùqí	[mǎ lù tɕʰí]	瑪露奇	ㄇㄚˇ ㄌㄨˋ ㄑㄧˊ	Mǎlùcí	[mǎ lù tɕʰí]	マルチ	Multi	まるち	/maɾɯtɕi̥/	玛露奇	瑪露奇	ㄇㄚˇ ㄌㄨˋ ㄑㄧˊ	マルチ	
221	幻想乡	Huànxiǎngxiāng	[xwàn ɕjǎŋ ɕjāŋ]	幻想鄉	ㄏㄨㄢˋ ㄒㄧㄤˇ ㄒㄧㄤ	Huànsiǎngsiāng	[xwàn ɕjǎŋ ɕjāŋ]	幻想郷	Gensoukyou	げんそうきょう	/geɴsoːkʲoː/	幻想乡	幻想鄉	ㄏㄨㄢˋ ㄒㄧㄤˇ ㄒㄧㄤ	幻想郷	TRUE
222	奥莲姬	Àoliánjī	[àu ljɛ́n tɕī]	奧蓮姬	ㄠˋ ㄌㄧㄢˊ ㄐㄧ	Àoliánjī	[àu ljɛ́n tɕī]	オレンジ	Orange	おれんじ	/oɾeɴdʑi/	奥莲姬	奧蓮姬	ㄠˋ ㄌㄧㄢˊ ㄐㄧ	オレンジ	
223	胡桃	Hútáo	[xú tʰáu]	胡桃	ㄏㄨˊ ㄊㄠˊ	Hútáo	[xú tʰáu]	くるみ	Kurumi	くるみ	/kɯɾɯmi/	胡桃	胡桃	ㄏㄨˊ ㄊㄠˊ	くるみ	
224	艾丽	Àilì	[ài lì]	艾麗	ㄞˋ ㄌㄧˋ	Àilì	[ài lì]	エリー	Elly	えりー	/eɾiː/	艾丽	艾麗	ㄞˋ ㄌㄧˋ	エリー	
225	梦月	Mèngyuè	[mə̀ŋ ɥè]	夢月	ㄇㄥˋ ㄩㄝˋ	Mèngyuè	[mə̀ŋ ɥè]	夢月	Mugetsu	むげつ	/mɯgetsɯ/	梦月	夢月	ㄇㄥˋ ㄩㄝˋ	夢月	
226	幻月	Huànyuè	[xwàn ɥè]	幻月	ㄏㄨㄢˋ ㄩㄝˋ	Huànyuè	[xwàn ɥè]	幻月	Gengetsu	げんげつ	/geɴgetsɯ/	幻月	幻月	ㄏㄨㄢˋ ㄩㄝˋ	幻月	
227	怪绮谈	Guàiqǐtán	[kwài tɕʰǐ tʰán]	怪綺談	ㄍㄨㄞˋ ㄑㄧˇ ㄊㄢˊ	Guàicǐtán	[kwài tɕʰǐ tʰán]	怪綺談	Kaikidan	かいきだん	/kaikidaɴ/	怪绮谈	怪綺談	ㄍㄨㄞˋ ㄑㄧˇ ㄊㄢˊ	怪綺談	TRUE
228	萨拉	Sàlā	[sà lā]	薩拉	ㄙㄚˋ ㄌㄚ	Sàlā	[sà lā]	サラ	Sara	さら	/saɾa/	萨拉	薩拉	ㄙㄚˋ ㄌㄚ	サラ	
229	露易兹	Lùyìzī	[lù ì tsɹ̩̄]	露易茲	ㄌㄨˋ ㄧˋ ㄗ	Lùyìzīh	[lù ì tsɹ̩̄]	ルイズ	Louise	るいず	/ɾɯizɯ/	露易兹	露易茲	ㄌㄨˋ ㄧˋ ㄗ	ルイズ	
230	雪	Xuě	[ɕɥě]	雪	ㄒㄩㄝˇ	Syuě	[ɕɥě]	ユキ	Yuki	ゆき	/jɯki/	雪	雪	ㄒㄩㄝˇ	ユキ	
231	舞	Wǔ	[ǔ]	舞	ㄨˇ	Wǔ	[ǔ]	マイ	Mai	まい	/mai/	舞	舞	ㄨˇ	マイ	
232	梦子	Mèngzǐ	[mə̀ŋ tsɹ̩̌]	夢子	ㄇㄥˋ ㄗˇ	Mèngzǐh	[mə̀ŋ tsɹ̩̌]	夢子	Yumeko	ゆめこ	/jɯmeko/	梦子	夢子	ㄇㄥˋ ㄗˇ	夢子	
233	神绮	Shénqǐ	[ʂə́n tɕʰǐ]	神綺	ㄕㄣˊ ㄑㄧˇ	Shéncǐ	[ʂə́n tɕʰǐ]	神綺	Shinki	しんき	/ɕiɴki̥/	神绮	神綺	ㄕㄣˊ ㄑㄧˇ	神綺	
234	博丽神社	Bólì Shénshè	[pwó lì ʂə́n ʂɤ̀]	博麗神社	ㄅㄛˊ ㄌㄧˋ ㄕㄣˊ ㄕㄜˋ	Bólì Shénshè	[pwó lì ʂə́n ʂɤ̀]	博麗神社	Hakurei Jinja	はくれいじんじゃ	/hakɯɾeːdʑiɴdʑa/	博丽神社	博麗神社	ㄅㄛˊ ㄌㄧˋ ㄕㄣˊ ㄕㄜˋ	博麗神社	TRUE
235	例大祭	Lìdàjì	[lì tà tɕì]	例大祭	ㄌㄧˋ ㄉㄚˋ ㄐㄧˋ	Lìdàjì	[lì tà tɕì]	例大祭	Reitaisai	れいたいさい	/ɾeːtaisai/	例大祭	例大祭	ㄌㄧˋ ㄉㄚˋ ㄐㄧˋ	例大祭	TRUE
236	二〇二六年	èr líng èr liù nián	[ɚ̀ líŋ ɚ̀ ljòu njɛ́n]	二零二六年	ㄦˋ ㄌㄧㄥˊ ㄦˋ ㄌㄧㄡˋ ㄋㄧㄢˊ	èr líng èr liòu nián	[ɚ̀ líŋ ɚ̀ ljòu njɛ́n]	二千二十六年	nisen-nijuuroku nen	にせんにじゅうろくねん	/niseɴnidʑɯːɾokɯ/	二〇二六年	二零二六年	ㄦˋ ㄌㄧㄥˊ ㄦˋ ㄌㄧㄡˋ ㄋㄧㄢˊ	二千二十六年	TRUE